year,category,subcategory,indicator_id,indicator_name,source,value,source_url,unit,reference_period,frequency,period_type,status,geo_level,geo_name,definition,source_revision_date,notes
2019,Demografía,Población,crecimiento_poblacion,Crecimiento población,Cálculo propio sobre INE - tabla 56934,0.59,https://ine.es/jaxiT3/Tabla.htm?t=56934,%,2019,Anual,1 de enero,calculado,País,España,Variación porcentual interanual de población residente a 1 de enero.,2026-07-10,Calculado como población 1 de enero del año / población 1 de enero del año anterior - 1.
2020,Demografía,Población,crecimiento_poblacion,Crecimiento población,Cálculo propio sobre INE - tabla 56934,0.85,https://ine.es/jaxiT3/Tabla.htm?t=56934,%,2020,Anual,1 de enero,calculado,País,España,Variación porcentual interanual de población residente a 1 de enero.,2026-07-10,Calculado como población 1 de enero del año / población 1 de enero del año anterior - 1.
2021,Demografía,Población,crecimiento_poblacion,Crecimiento población,Cálculo propio sobre INE - tabla 56934,0.17,https://ine.es/jaxiT3/Tabla.htm?t=56934,%,2021,Anual,1 de enero,calculado,País,España,Variación porcentual interanual de población residente a 1 de enero.,2026-07-10,Calculado como población 1 de enero del año / población 1 de enero del año anterior - 1.
2022,Demografía,Población,crecimiento_poblacion,Crecimiento población,Cálculo propio sobre INE - tabla 56934,0.18,https://ine.es/jaxiT3/Tabla.htm?t=56934,%,2022,Anual,1 de enero,calculado,País,España,Variación porcentual interanual de población residente a 1 de enero.,2026-07-10,Calculado como población 1 de enero del año / población 1 de enero del año anterior - 1.
2023,Demografía,Población,crecimiento_poblacion,Crecimiento población,Cálculo propio sobre INE - tabla 56934,1.26,https://ine.es/jaxiT3/Tabla.htm?t=56934,%,2023,Anual,1 de enero,calculado,País,España,Variación porcentual interanual de población residente a 1 de enero.,2026-07-10,Calculado como población 1 de enero del año / población 1 de enero del año anterior - 1.
2024,Demografía,Población,crecimiento_poblacion,Crecimiento población,Cálculo propio sobre INE - tabla 56934,1.11,https://ine.es/jaxiT3/Tabla.htm?t=56934,%,2024,Anual,1 de enero,calculado,País,España,Variación porcentual interanual de población residente a 1 de enero.,2026-07-10,Calculado como población 1 de enero del año / población 1 de enero del año anterior - 1.
2025,Demografía,Población,crecimiento_poblacion,Crecimiento población,Cálculo propio sobre INE - tabla 56934,1.05,https://ine.es/jaxiT3/Tabla.htm?t=56934,%,2025,Anual,1 de enero,calculado,País,España,Variación porcentual interanual de población residente a 1 de enero.,2026-07-10,Calculado como población 1 de enero del año / población 1 de enero del año anterior - 1.
2018,Demografía,Población,poblacion_residente,Población residente,INE - población residente tabla 56934,46645070,https://ine.es/jaxiT3/Tabla.htm?t=56934,personas,2018,Anual,1 de enero,oficial,País,España,Población residente total a 1 de enero.,2026-07-10,
2019,Demografía,Población,poblacion_residente,Población residente,INE - población residente tabla 56934,46918951,https://ine.es/jaxiT3/Tabla.htm?t=56934,personas,2019,Anual,1 de enero,oficial,País,España,Población residente total a 1 de enero.,2026-07-10,
2020,Demografía,Población,poblacion_residente,Población residente,INE - población residente tabla 56934,47318050,https://ine.es/jaxiT3/Tabla.htm?t=56934,personas,2020,Anual,1 de enero,oficial,País,España,Población residente total a 1 de enero.,2026-07-10,
2021,Demografía,Población,poblacion_residente,Población residente,INE - población residente tabla 56934,47400798,https://ine.es/jaxiT3/Tabla.htm?t=56934,personas,2021,Anual,1 de enero,oficial,País,España,Población residente total a 1 de enero.,2026-07-10,
2022,Demografía,Población,poblacion_residente,Población residente,INE - población residente tabla 56934,47486727,https://ine.es/jaxiT3/Tabla.htm?t=56934,personas,2022,Anual,1 de enero,oficial,País,España,Población residente total a 1 de enero.,2026-07-10,
2023,Demografía,Población,poblacion_residente,Población residente,INE - población residente tabla 56934,48085361,https://ine.es/jaxiT3/Tabla.htm?t=56934,personas,2023,Anual,1 de enero,oficial,País,España,Población residente total a 1 de enero.,2026-07-10,
2024,Demografía,Población,poblacion_residente,Población residente,INE - población residente tabla 56934,48619695,https://ine.es/jaxiT3/Tabla.htm?t=56934,personas,2024,Anual,1 de enero,oficial,País,España,Población residente total a 1 de enero.,2026-07-10,
2025,Demografía,Población,poblacion_residente,Población residente,INE - población residente tabla 56934,49128297,https://ine.es/jaxiT3/Tabla.htm?t=56934,personas,2025,Anual,1 de enero,oficial,País,España,Población residente total a 1 de enero.,2026-07-10,
2018,Economía,PIB,crecimiento_pib_real,Crecimiento PIB real,INE - Contabilidad Nacional Trimestral,2.4,https://ine.es/dyngs/Prensa/CNTR4T25.htm,%,2018,Anual,año natural,oficial,País,España,Variación anual en volumen del Producto Interior Bruto.,2026-07-10,"2025: 2,8% real según INE. 2024 revisado a 3,5%. Serie recuperada de la primera versión saneada para no perder cobertura histórica 2018-2025."
2019,Economía,PIB,crecimiento_pib_real,Crecimiento PIB real,INE - Contabilidad Nacional Trimestral,2,https://ine.es/dyngs/Prensa/CNTR4T25.htm,%,2019,Anual,año natural,oficial,País,España,Variación anual en volumen del Producto Interior Bruto.,2026-07-10,"2025: 2,8% real según INE. 2024 revisado a 3,5%. Serie recuperada de la primera versión saneada para no perder cobertura histórica 2018-2025."
2020,Economía,PIB,crecimiento_pib_real,Crecimiento PIB real,INE - Contabilidad Nacional Trimestral,-10.9,https://ine.es/dyngs/Prensa/CNTR4T25.htm,%,2020,Anual,año natural,oficial,País,España,Variación anual en volumen del Producto Interior Bruto.,2026-07-10,"2025: 2,8% real según INE. 2024 revisado a 3,5%. Serie recuperada de la primera versión saneada para no perder cobertura histórica 2018-2025."
2021,Economía,PIB,crecimiento_pib_real,Crecimiento PIB real,INE - Contabilidad Nacional Trimestral,6.7,https://ine.es/dyngs/Prensa/CNTR4T25.htm,%,2021,Anual,año natural,oficial,País,España,Variación anual en volumen del Producto Interior Bruto.,2026-07-10,"2025: 2,8% real según INE. 2024 revisado a 3,5%. Serie recuperada de la primera versión saneada para no perder cobertura histórica 2018-2025."
2022,Economía,PIB,crecimiento_pib_real,Crecimiento PIB real,INE - Contabilidad Nacional,6.4,https://ine.es/dyngs/Prensa/CNA2024.htm,%,2022,Anual,media anual,oficial,País,España,Variación anual en volumen del Producto Interior Bruto.,2026-07-10,Serie anual revisada/avance según INE; tasas redondeadas a una decimal.
2023,Economía,PIB,crecimiento_pib_real,Crecimiento PIB real,INE - Contabilidad Nacional,2.5,https://ine.es/dyngs/Prensa/CNA2024.htm,%,2023,Anual,media anual,oficial,País,España,Variación anual en volumen del Producto Interior Bruto.,2026-07-10,Serie anual revisada/avance según INE; tasas redondeadas a una decimal.
2024,Economía,PIB,crecimiento_pib_real,Crecimiento PIB real,INE - Contabilidad Nacional,3.5,https://ine.es/dyngs/Prensa/CNA2024.htm,%,2024,Anual,media anual,oficial avance,País,España,Variación anual en volumen del Producto Interior Bruto.,2026-07-10,Serie anual revisada/avance según INE; tasas redondeadas a una decimal.
2025,Economía,PIB,crecimiento_pib_real,Crecimiento PIB real,INE - Contabilidad Nacional,2.8,https://ine.es/dyngs/Prensa/CNTR4T25.htm,%,2025,Anual,media anual,oficial CNTR,País,España,Variación anual en volumen del Producto Interior Bruto.,2026-07-10,Serie anual revisada/avance según INE; tasas redondeadas a una decimal.
2018,Economía,PIB,pib_nominal_eur,PIB nominal,INE - Contabilidad Nacional Trimestral / síntesis BdE,1212276000000,https://www.bde.es/webbe/es/estadisticas/compartido/datos/pdf/a23ab.pdf,millones de euros,2018,Anual,año natural,oficial,País,España,Producto Interior Bruto a precios corrientes. Euros corrientes convertidos a millones de euros.,2026-07-10,El INE confirma para 2025 un PIB a precios corrientes de 1.687.152 millones de euros. Serie recuperada de la primera versión saneada para no perder cobertura histórica 2018-2025.
2019,Economía,PIB,pib_nominal_eur,PIB nominal,INE - Contabilidad Nacional Trimestral / síntesis BdE,1253710000000,https://www.bde.es/webbe/es/estadisticas/compartido/datos/pdf/a23ab.pdf,millones de euros,2019,Anual,año natural,oficial,País,España,Producto Interior Bruto a precios corrientes. Euros corrientes convertidos a millones de euros.,2026-07-10,El INE confirma para 2025 un PIB a precios corrientes de 1.687.152 millones de euros. Serie recuperada de la primera versión saneada para no perder cobertura histórica 2018-2025.
2020,Economía,PIB,pib_nominal_eur,PIB nominal,INE - Contabilidad Nacional Trimestral / síntesis BdE,1129214000000,https://www.bde.es/webbe/es/estadisticas/compartido/datos/pdf/a23ab.pdf,millones de euros,2020,Anual,año natural,oficial,País,España,Producto Interior Bruto a precios corrientes. Euros corrientes convertidos a millones de euros.,2026-07-10,El INE confirma para 2025 un PIB a precios corrientes de 1.687.152 millones de euros. Serie recuperada de la primera versión saneada para no perder cobertura histórica 2018-2025.
2021,Economía,PIB,pib_nominal_eur,PIB nominal,INE - Contabilidad Nacional Trimestral / síntesis BdE,1235474000000,https://www.bde.es/webbe/es/estadisticas/compartido/datos/pdf/a23ab.pdf,millones de euros,2021,Anual,año natural,oficial,País,España,Producto Interior Bruto a precios corrientes. Euros corrientes convertidos a millones de euros.,2026-07-10,El INE confirma para 2025 un PIB a precios corrientes de 1.687.152 millones de euros. Serie recuperada de la primera versión saneada para no perder cobertura histórica 2018-2025.
2022,Economía,PIB,pib_nominal_eur,PIB nominal,INE - Contabilidad Nacional Trimestral / síntesis BdE,1375863000000,https://www.bde.es/webbe/es/estadisticas/compartido/datos/pdf/a23ab.pdf,millones de euros,2022,Anual,año natural,oficial,País,España,Producto Interior Bruto a precios corrientes. Euros corrientes convertidos a millones de euros.,2026-07-10,El INE confirma para 2025 un PIB a precios corrientes de 1.687.152 millones de euros. Serie recuperada de la primera versión saneada para no perder cobertura histórica 2018-2025.
2023,Economía,PIB,pib_nominal_eur,PIB nominal,INE - Contabilidad Nacional Trimestral / síntesis BdE,1497761000000,https://www.bde.es/webbe/es/estadisticas/compartido/datos/pdf/a23ab.pdf,millones de euros,2023,Anual,año natural,oficial,País,España,Producto Interior Bruto a precios corrientes. Euros corrientes convertidos a millones de euros.,2026-07-10,El INE confirma para 2025 un PIB a precios corrientes de 1.687.152 millones de euros. Serie recuperada de la primera versión saneada para no perder cobertura histórica 2018-2025.
2024,Economía,PIB,pib_nominal_eur,PIB nominal,INE - Contabilidad Nacional,1594330000000,https://ine.es/dyngs/Prensa/CNA2024.htm,millones de euros,2024,Anual,año natural,oficial,País,España,Producto Interior Bruto a precios corrientes.,2026-07-10,Dato de PIB a precios corrientes publicado por el INE.
2025,Economía,PIB,pib_nominal_eur,PIB nominal,INE - Contabilidad Nacional,1687152000000,https://ine.es/dyngs/Prensa/CNTR4T25.htm,millones de euros,2025,Anual,año natural,oficial,País,España,Producto Interior Bruto a precios corrientes.,2026-07-10,Dato de PIB a precios corrientes publicado por el INE.
2018,Economía,PIB,pib_per_capita_eur,PIB per cápita,Cálculo propio con INE PIB + INE población residente,25981.92,https://ine.es/dyngs/Prensa/CNTR4T25.htm | https://ine.es/prensa/ecp_tabla.htm,euros por habitante,2018,Anual,año natural,calculado,País,España,PIB nominal dividido entre población residente a 1 de enero.,2026-07-10,Para comparación internacional conviene usar PIB per cápita nominal USD o PPA; este campo es doméstico en euros. Serie recuperada de la primera versión saneada para no perder cobertura histórica 2018-2025.
2019,Economía,PIB,pib_per_capita_eur,PIB per cápita,Cálculo propio con INE PIB + INE población residente,26710.45,https://ine.es/dyngs/Prensa/CNTR4T25.htm | https://ine.es/prensa/ecp_tabla.htm,euros por habitante,2019,Anual,año natural,calculado,País,España,PIB nominal dividido entre población residente a 1 de enero.,2026-07-10,Para comparación internacional conviene usar PIB per cápita nominal USD o PPA; este campo es doméstico en euros. Serie recuperada de la primera versión saneada para no perder cobertura histórica 2018-2025.
2020,Economía,PIB,pib_per_capita_eur,PIB per cápita,Cálculo propio con INE PIB + INE población residente,23857,https://ine.es/dyngs/Prensa/CNTR4T25.htm | https://ine.es/prensa/ecp_tabla.htm,euros por habitante,2020,Anual,año natural,calculado,País,España,PIB nominal dividido entre población residente a 1 de enero.,2026-07-10,Para comparación internacional conviene usar PIB per cápita nominal USD o PPA; este campo es doméstico en euros. Serie recuperada de la primera versión saneada para no perder cobertura histórica 2018-2025.
2021,Economía,PIB,pib_per_capita_eur,PIB per cápita,Cálculo propio con INE PIB + INE población residente,26064.41,https://ine.es/dyngs/Prensa/CNTR4T25.htm | https://ine.es/prensa/ecp_tabla.htm,euros por habitante,2021,Anual,año natural,calculado,País,España,PIB nominal dividido entre población residente a 1 de enero.,2026-07-10,Para comparación internacional conviene usar PIB per cápita nominal USD o PPA; este campo es doméstico en euros. Serie recuperada de la primera versión saneada para no perder cobertura histórica 2018-2025.
2022,Economía,PIB,pib_per_capita_eur,PIB per cápita,Cálculo propio con INE PIB + INE población residente,28973.63,https://ine.es/dyngs/Prensa/CNTR4T25.htm | https://ine.es/prensa/ecp_tabla.htm,euros por habitante,2022,Anual,año natural,calculado,País,España,PIB nominal dividido entre población residente a 1 de enero.,2026-07-10,Para comparación internacional conviene usar PIB per cápita nominal USD o PPA; este campo es doméstico en euros. Serie recuperada de la primera versión saneada para no perder cobertura histórica 2018-2025.
2023,Economía,PIB,pib_per_capita_eur,PIB per cápita,Cálculo propio con INE PIB + INE población residente,31147.96,https://ine.es/dyngs/Prensa/CNTR4T25.htm | https://ine.es/prensa/ecp_tabla.htm,euros por habitante,2023,Anual,año natural,calculado,País,España,PIB nominal dividido entre población residente a 1 de enero.,2026-07-10,Para comparación internacional conviene usar PIB per cápita nominal USD o PPA; este campo es doméstico en euros. Serie recuperada de la primera versión saneada para no perder cobertura histórica 2018-2025.
2024,Economía,PIB,pib_per_capita_eur,PIB per cápita,Cálculo propio sobre INE - PIB y población,32791.86,https://ine.es/dyngs/Prensa/CNA2024.htm,euros por habitante,2024,Anual,media anual,calculado,País,España,PIB nominal dividido entre población residente a 1 de enero.,2026-07-10,Cálculo aproximado usando PIB nominal anual y población residente a 1 de enero.
2025,Economía,PIB,pib_per_capita_eur,PIB per cápita,Cálculo propio sobre INE - PIB y población,34341.76,https://ine.es/dyngs/Prensa/CNTR4T25.htm,euros por habitante,2025,Anual,media anual,calculado,País,España,PIB nominal dividido entre población residente a 1 de enero.,2026-07-10,Cálculo aproximado usando PIB nominal anual y población residente a 1 de enero.
2018,Economía,Ranking internacional,posicion_pib_mundial,Posición PIB mundial,IMF WEO / World Bank GDP current US$,14,https://www.imf.org/en/Publications/WEO/weo-database/2026/April,ranking,2018,Anual,año natural,calculado,País,España,Ranking mundial calculado con PIB nominal en dólares corrientes.,2026-07-10,2025: España aparece como #12 por PIB nominal en la tabla IMF WEO abril 2026. Históricos incluidos como referencia calculada; automatizar con API. Serie recuperada de la primera versión saneada para no perder cobertura histórica 2018-2025.
2019,Economía,Ranking internacional,posicion_pib_mundial,Posición PIB mundial,IMF WEO / World Bank GDP current US$,14,https://www.imf.org/en/Publications/WEO/weo-database/2026/April,ranking,2019,Anual,año natural,calculado,País,España,Ranking mundial calculado con PIB nominal en dólares corrientes.,2026-07-10,2025: España aparece como #12 por PIB nominal en la tabla IMF WEO abril 2026. Históricos incluidos como referencia calculada; automatizar con API. Serie recuperada de la primera versión saneada para no perder cobertura histórica 2018-2025.
2020,Economía,Ranking internacional,posicion_pib_mundial,Posición PIB mundial,IMF WEO / World Bank GDP current US$,14,https://www.imf.org/en/Publications/WEO/weo-database/2026/April,ranking,2020,Anual,año natural,calculado,País,España,Ranking mundial calculado con PIB nominal en dólares corrientes.,2026-07-10,2025: España aparece como #12 por PIB nominal en la tabla IMF WEO abril 2026. Históricos incluidos como referencia calculada; automatizar con API. Serie recuperada de la primera versión saneada para no perder cobertura histórica 2018-2025.
2021,Economía,Ranking internacional,posicion_pib_mundial,Posición PIB mundial,IMF WEO / World Bank GDP current US$,15,https://www.imf.org/en/Publications/WEO/weo-database/2026/April,ranking,2021,Anual,año natural,calculado,País,España,Ranking mundial calculado con PIB nominal en dólares corrientes.,2026-07-10,2025: España aparece como #12 por PIB nominal en la tabla IMF WEO abril 2026. Históricos incluidos como referencia calculada; automatizar con API. Serie recuperada de la primera versión saneada para no perder cobertura histórica 2018-2025.
2022,Economía,Ranking internacional,posicion_pib_mundial,Posición PIB mundial,IMF WEO / World Bank GDP current US$,15,https://www.imf.org/en/Publications/WEO/weo-database/2026/April,ranking,2022,Anual,año natural,calculado,País,España,Ranking mundial calculado con PIB nominal en dólares corrientes.,2026-07-10,2025: España aparece como #12 por PIB nominal en la tabla IMF WEO abril 2026. Históricos incluidos como referencia calculada; automatizar con API. Serie recuperada de la primera versión saneada para no perder cobertura histórica 2018-2025.
2023,Economía,Ranking internacional,posicion_pib_mundial,Posición PIB mundial,IMF WEO / World Bank GDP current US$,15,https://www.imf.org/en/Publications/WEO/weo-database/2026/April,ranking,2023,Anual,año natural,calculado,País,España,Ranking mundial calculado con PIB nominal en dólares corrientes.,2026-07-10,2025: España aparece como #12 por PIB nominal en la tabla IMF WEO abril 2026. Históricos incluidos como referencia calculada; automatizar con API. Serie recuperada de la primera versión saneada para no perder cobertura histórica 2018-2025.
2024,Economía,Ranking internacional,posicion_pib_mundial,Posición PIB mundial,IMF WEO / World Bank GDP current US$,15,https://www.imf.org/en/Publications/WEO/weo-database/2026/April,ranking,2024,Anual,año natural,calculado,País,España,Ranking mundial calculado con PIB nominal en dólares corrientes.,2026-07-10,2025: España aparece como #12 por PIB nominal en la tabla IMF WEO abril 2026. Históricos incluidos como referencia calculada; automatizar con API. Serie recuperada de la primera versión saneada para no perder cobertura histórica 2018-2025.
2025,Economía,Ranking internacional,posicion_pib_mundial,Posición PIB mundial,IMF WEO / World Bank GDP current US$,12,https://www.imf.org/en/Publications/WEO/weo-database/2026/April,ranking,2025,Anual,año natural,calculado,País,España,Ranking mundial calculado con PIB nominal en dólares corrientes.,2026-07-10,2025: España aparece como #12 por PIB nominal en la tabla IMF WEO abril 2026. Históricos incluidos como referencia calculada; automatizar con API. Serie recuperada de la primera versión saneada para no perder cobertura histórica 2018-2025.
2018,Empleo,EPA,tasa_actividad,Tasa de actividad,INE - EPA tabla 72978,58.65,https://ine.es/jaxiT3/Tabla.htm?t=72978,%,2018,Anual,media anual,oficial,País,España,"Tasa de actividad anual, ambos sexos, total edades.",2026-07-10,
2019,Empleo,EPA,tasa_actividad,Tasa de actividad,INE - EPA tabla 72978,58.64,https://ine.es/jaxiT3/Tabla.htm?t=72978,%,2019,Anual,media anual,oficial,País,España,"Tasa de actividad anual, ambos sexos, total edades.",2026-07-10,
2020,Empleo,EPA,tasa_actividad,Tasa de actividad,INE - EPA tabla 72978,57.44,https://ine.es/jaxiT3/Tabla.htm?t=72978,%,2020,Anual,media anual,oficial,País,España,"Tasa de actividad anual, ambos sexos, total edades.",2026-07-10,
2021,Empleo,EPA,tasa_actividad,Tasa de actividad,INE - EPA tabla 72978,58.38,https://ine.es/jaxiT3/Tabla.htm?t=72978,%,2021,Anual,media anual,oficial,País,España,"Tasa de actividad anual, ambos sexos, total edades.",2026-07-10,
2022,Empleo,EPA,tasa_actividad,Tasa de actividad,INE - EPA tabla 72978,58.53,https://ine.es/jaxiT3/Tabla.htm?t=72978,%,2022,Anual,media anual,oficial,País,España,"Tasa de actividad anual, ambos sexos, total edades.",2026-07-10,
2023,Empleo,EPA,tasa_actividad,Tasa de actividad,INE - EPA tabla 72978,58.85,https://ine.es/jaxiT3/Tabla.htm?t=72978,%,2023,Anual,media anual,oficial,País,España,"Tasa de actividad anual, ambos sexos, total edades.",2026-07-10,
2024,Empleo,EPA,tasa_actividad,Tasa de actividad,INE - EPA tabla 72978,58.76,https://ine.es/jaxiT3/Tabla.htm?t=72978,%,2024,Anual,media anual,oficial,País,España,"Tasa de actividad anual, ambos sexos, total edades.",2026-07-10,
2025,Empleo,EPA,tasa_actividad,Tasa de actividad,INE - EPA tabla 72978,58.96,https://ine.es/jaxiT3/Tabla.htm?t=72978,%,2025,Anual,media anual,oficial,País,España,"Tasa de actividad anual, ambos sexos, total edades.",2026-07-10,
2018,Empleo,EPA,tasa_desempleo,Tasa de desempleo,INE - EPA tabla 66055,15.25,https://ine.es/jaxiT3/Tabla.htm?t=66055,%,2018,Anual,media anual,oficial,País,España,Tasa de paro media de los cuatro trimestres del año.,2026-07-10,
2019,Empleo,EPA,tasa_desempleo,Tasa de desempleo,INE - EPA tabla 66055,14.1,https://ine.es/jaxiT3/Tabla.htm?t=66055,%,2019,Anual,media anual,oficial,País,España,Tasa de paro media de los cuatro trimestres del año.,2026-07-10,
2020,Empleo,EPA,tasa_desempleo,Tasa de desempleo,INE - EPA tabla 66055,15.53,https://ine.es/jaxiT3/Tabla.htm?t=66055,%,2020,Anual,media anual,oficial,País,España,Tasa de paro media de los cuatro trimestres del año.,2026-07-10,
2021,Empleo,EPA,tasa_desempleo,Tasa de desempleo,INE - EPA tabla 66055,14.91,https://ine.es/jaxiT3/Tabla.htm?t=66055,%,2021,Anual,media anual,oficial,País,España,Tasa de paro media de los cuatro trimestres del año.,2026-07-10,
2022,Empleo,EPA,tasa_desempleo,Tasa de desempleo,INE - EPA tabla 66055,13.03,https://ine.es/jaxiT3/Tabla.htm?t=66055,%,2022,Anual,media anual,oficial,País,España,Tasa de paro media de los cuatro trimestres del año.,2026-07-10,
2023,Empleo,EPA,tasa_desempleo,Tasa de desempleo,INE - EPA tabla 66055,12.18,https://ine.es/jaxiT3/Tabla.htm?t=66055,%,2023,Anual,media anual,oficial,País,España,Tasa de paro media de los cuatro trimestres del año.,2026-07-10,
2024,Empleo,EPA,tasa_desempleo,Tasa de desempleo,INE - EPA tabla 66055,11.34,https://ine.es/jaxiT3/Tabla.htm?t=66055,%,2024,Anual,media anual,oficial,País,España,Tasa de paro media de los cuatro trimestres del año.,2026-07-10,
2025,Empleo,EPA,tasa_desempleo,Tasa de desempleo,INE - EPA tabla 66055,10.5,https://ine.es/jaxiT3/Tabla.htm?t=66055,%,2025,Anual,media anual,oficial,País,España,Tasa de paro media de los cuatro trimestres del año.,2026-07-10,
2018,Empleo,EPA,tasa_empleo,Tasa de empleo,INE - EPA tabla 66031,49.7,https://ine.es/jaxiT3/Tabla.htm?t=66031,%,2018,Anual,media anual,oficial,País,España,Tasa de empleo media de los cuatro trimestres del año.,2026-07-10,
2019,Empleo,EPA,tasa_empleo,Tasa de empleo,INE - EPA tabla 66031,50.37,https://ine.es/jaxiT3/Tabla.htm?t=66031,%,2019,Anual,media anual,oficial,País,España,Tasa de empleo media de los cuatro trimestres del año.,2026-07-10,
2020,Empleo,EPA,tasa_empleo,Tasa de empleo,INE - EPA tabla 66031,48.52,https://ine.es/jaxiT3/Tabla.htm?t=66031,%,2020,Anual,media anual,oficial,País,España,Tasa de empleo media de los cuatro trimestres del año.,2026-07-10,
2021,Empleo,EPA,tasa_empleo,Tasa de empleo,INE - EPA tabla 66031,49.68,https://ine.es/jaxiT3/Tabla.htm?t=66031,%,2021,Anual,media anual,oficial,País,España,Tasa de empleo media de los cuatro trimestres del año.,2026-07-10,
2022,Empleo,EPA,tasa_empleo,Tasa de empleo,INE - EPA tabla 66031,50.9,https://ine.es/jaxiT3/Tabla.htm?t=66031,%,2022,Anual,media anual,oficial,País,España,Tasa de empleo media de los cuatro trimestres del año.,2026-07-10,
2023,Empleo,EPA,tasa_empleo,Tasa de empleo,INE - EPA tabla 66031,51.69,https://ine.es/jaxiT3/Tabla.htm?t=66031,%,2023,Anual,media anual,oficial,País,España,Tasa de empleo media de los cuatro trimestres del año.,2026-07-10,
2024,Empleo,EPA,tasa_empleo,Tasa de empleo,INE - EPA tabla 66031,52.1,https://ine.es/jaxiT3/Tabla.htm?t=66031,%,2024,Anual,media anual,oficial,País,España,Tasa de empleo media de los cuatro trimestres del año.,2026-07-10,
2025,Empleo,EPA,tasa_empleo,Tasa de empleo,INE - EPA tabla 66031,52.77,https://ine.es/jaxiT3/Tabla.htm?t=66031,%,2025,Anual,media anual,oficial,País,España,Tasa de empleo media de los cuatro trimestres del año.,2026-07-10,
2018,Empleo,EPA,tasa_paro_juvenil,Tasa de desempleo juvenil,INE - EPA tabla 66055,34.34,https://ine.es/jaxiT3/Tabla.htm?t=66055,%,2018,Anual,media anual,oficial,País,España,Tasa de paro de menores de 25 años; media de los cuatro trimestres del año.,2026-07-10,
2019,Empleo,EPA,tasa_paro_juvenil,Tasa de desempleo juvenil,INE - EPA tabla 66055,32.53,https://ine.es/jaxiT3/Tabla.htm?t=66055,%,2019,Anual,media anual,oficial,País,España,Tasa de paro de menores de 25 años; media de los cuatro trimestres del año.,2026-07-10,
2020,Empleo,EPA,tasa_paro_juvenil,Tasa de desempleo juvenil,INE - EPA tabla 66055,38.26,https://ine.es/jaxiT3/Tabla.htm?t=66055,%,2020,Anual,media anual,oficial,País,España,Tasa de paro de menores de 25 años; media de los cuatro trimestres del año.,2026-07-10,
2021,Empleo,EPA,tasa_paro_juvenil,Tasa de desempleo juvenil,INE - EPA tabla 66055,35,https://ine.es/jaxiT3/Tabla.htm?t=66055,%,2021,Anual,media anual,oficial,País,España,Tasa de paro de menores de 25 años; media de los cuatro trimestres del año.,2026-07-10,
2022,Empleo,EPA,tasa_paro_juvenil,Tasa de desempleo juvenil,INE - EPA tabla 66055,29.67,https://ine.es/jaxiT3/Tabla.htm?t=66055,%,2022,Anual,media anual,oficial,País,España,Tasa de paro de menores de 25 años; media de los cuatro trimestres del año.,2026-07-10,
2023,Empleo,EPA,tasa_paro_juvenil,Tasa de desempleo juvenil,INE - EPA tabla 66055,28.67,https://ine.es/jaxiT3/Tabla.htm?t=66055,%,2023,Anual,media anual,oficial,País,España,Tasa de paro de menores de 25 años; media de los cuatro trimestres del año.,2026-07-10,
2024,Empleo,EPA,tasa_paro_juvenil,Tasa de desempleo juvenil,INE - EPA tabla 66055,26.52,https://ine.es/jaxiT3/Tabla.htm?t=66055,%,2024,Anual,media anual,oficial,País,España,Tasa de paro de menores de 25 años; media de los cuatro trimestres del año.,2026-07-10,
2025,Empleo,EPA,tasa_paro_juvenil,Tasa de desempleo juvenil,INE - EPA tabla 66055,24.87,https://ine.es/jaxiT3/Tabla.htm?t=66055,%,2025,Anual,media anual,oficial,País,España,Tasa de paro de menores de 25 años; media de los cuatro trimestres del año.,2026-07-10,
2018,Precios,Alimentos,inflacion_alimentos_media_anual,Inflación alimentos media anual,INE - IPC tabla 50934,1.6,https://ine.es/jaxiT3/Tabla.htm?t=50934,%,2018,Anual,media anual,oficial,País,España,Variación de la media anual del IPC de alimentos y bebidas no alcohólicas.,2026-07-10,Base 2021; grupo ECOICOP 01.
2019,Precios,Alimentos,inflacion_alimentos_media_anual,Inflación alimentos media anual,INE - IPC tabla 50934,1,https://ine.es/jaxiT3/Tabla.htm?t=50934,%,2019,Anual,media anual,oficial,País,España,Variación de la media anual del IPC de alimentos y bebidas no alcohólicas.,2026-07-10,Base 2021; grupo ECOICOP 01.
2020,Precios,Alimentos,inflacion_alimentos_media_anual,Inflación alimentos media anual,INE - IPC tabla 50934,2.4,https://ine.es/jaxiT3/Tabla.htm?t=50934,%,2020,Anual,media anual,oficial,País,España,Variación de la media anual del IPC de alimentos y bebidas no alcohólicas.,2026-07-10,Base 2021; grupo ECOICOP 01.
2021,Precios,Alimentos,inflacion_alimentos_media_anual,Inflación alimentos media anual,INE - IPC tabla 50934,1.8,https://ine.es/jaxiT3/Tabla.htm?t=50934,%,2021,Anual,media anual,oficial,País,España,Variación de la media anual del IPC de alimentos y bebidas no alcohólicas.,2026-07-10,Base 2021; grupo ECOICOP 01.
2022,Precios,Alimentos,inflacion_alimentos_media_anual,Inflación alimentos media anual,INE - IPC tabla 50934,11.6,https://ine.es/jaxiT3/Tabla.htm?t=50934,%,2022,Anual,media anual,oficial,País,España,Variación de la media anual del IPC de alimentos y bebidas no alcohólicas.,2026-07-10,Base 2021; grupo ECOICOP 01.
2023,Precios,Alimentos,inflacion_alimentos_media_anual,Inflación alimentos media anual,INE - IPC tabla 50934,11.7,https://ine.es/jaxiT3/Tabla.htm?t=50934,%,2023,Anual,media anual,oficial,País,España,Variación de la media anual del IPC de alimentos y bebidas no alcohólicas.,2026-07-10,Base 2021; grupo ECOICOP 01.
2024,Precios,Alimentos,inflacion_alimentos_media_anual,Inflación alimentos media anual,INE - IPC tabla 50934,3.6,https://ine.es/jaxiT3/Tabla.htm?t=50934,%,2024,Anual,media anual,oficial,País,España,Variación de la media anual del IPC de alimentos y bebidas no alcohólicas.,2026-07-10,Base 2021; grupo ECOICOP 01.
2025,Precios,Alimentos,inflacion_alimentos_media_anual,Inflación alimentos media anual,INE - IPC tabla 50934,2.4,https://ine.es/jaxiT3/Tabla.htm?t=50934,%,2025,Anual,media anual,oficial,País,España,Variación de la media anual del IPC de alimentos y bebidas no alcohólicas.,2026-07-10,Base 2021; grupo ECOICOP 01.
2018,Precios,IPC,inflacion_ipc_media_anual,Inflación IPC media anual,INE - IPC tabla 50934,1.7,https://ine.es/jaxiT3/Tabla.htm?t=50934,%,2018,Anual,media anual,oficial,País,España,Variación de la media anual del índice general del IPC.,2026-07-10,Base 2021.
2019,Precios,IPC,inflacion_ipc_media_anual,Inflación IPC media anual,INE - IPC tabla 50934,0.7,https://ine.es/jaxiT3/Tabla.htm?t=50934,%,2019,Anual,media anual,oficial,País,España,Variación de la media anual del índice general del IPC.,2026-07-10,Base 2021.
2020,Precios,IPC,inflacion_ipc_media_anual,Inflación IPC media anual,INE - IPC tabla 50934,-0.3,https://ine.es/jaxiT3/Tabla.htm?t=50934,%,2020,Anual,media anual,oficial,País,España,Variación de la media anual del índice general del IPC.,2026-07-10,Base 2021.
2021,Precios,IPC,inflacion_ipc_media_anual,Inflación IPC media anual,INE - IPC tabla 50934,3.1,https://ine.es/jaxiT3/Tabla.htm?t=50934,%,2021,Anual,media anual,oficial,País,España,Variación de la media anual del índice general del IPC.,2026-07-10,Base 2021.
2022,Precios,IPC,inflacion_ipc_media_anual,Inflación IPC media anual,INE - IPC tabla 50934,8.4,https://ine.es/jaxiT3/Tabla.htm?t=50934,%,2022,Anual,media anual,oficial,País,España,Variación de la media anual del índice general del IPC.,2026-07-10,Base 2021.
2023,Precios,IPC,inflacion_ipc_media_anual,Inflación IPC media anual,INE - IPC tabla 50934,3.5,https://ine.es/jaxiT3/Tabla.htm?t=50934,%,2023,Anual,media anual,oficial,País,España,Variación de la media anual del índice general del IPC.,2026-07-10,Base 2021.
2024,Precios,IPC,inflacion_ipc_media_anual,Inflación IPC media anual,INE - IPC tabla 50934,2.8,https://ine.es/jaxiT3/Tabla.htm?t=50934,%,2024,Anual,media anual,oficial,País,España,Variación de la media anual del índice general del IPC.,2026-07-10,Base 2021.
2025,Precios,IPC,inflacion_ipc_media_anual,Inflación IPC media anual,INE - IPC tabla 50934,2.7,https://ine.es/jaxiT3/Tabla.htm?t=50934,%,2025,Anual,media anual,oficial,País,España,Variación de la media anual del índice general del IPC.,2026-07-10,Base 2021.
2018,Precios,IPC,ipc_indice_general_media_anual,IPC índice general media anual,INE - IPC tabla 50934,96.64,https://ine.es/jaxiT3/Tabla.htm?t=50934,índice base 2021=100,2018,Anual,media anual,oficial,País,España,Media anual del índice general de precios de consumo.,2026-07-10,Base 2021.
2019,Precios,IPC,ipc_indice_general_media_anual,IPC índice general media anual,INE - IPC tabla 50934,97.31,https://ine.es/jaxiT3/Tabla.htm?t=50934,índice base 2021=100,2019,Anual,media anual,oficial,País,España,Media anual del índice general de precios de consumo.,2026-07-10,Base 2021.
2020,Precios,IPC,ipc_indice_general_media_anual,IPC índice general media anual,INE - IPC tabla 50934,97,https://ine.es/jaxiT3/Tabla.htm?t=50934,índice base 2021=100,2020,Anual,media anual,oficial,País,España,Media anual del índice general de precios de consumo.,2026-07-10,Base 2021.
2021,Precios,IPC,ipc_indice_general_media_anual,IPC índice general media anual,INE - IPC tabla 50934,100,https://ine.es/jaxiT3/Tabla.htm?t=50934,índice base 2021=100,2021,Anual,media anual,oficial,País,España,Media anual del índice general de precios de consumo.,2026-07-10,Base 2021.
2022,Precios,IPC,ipc_indice_general_media_anual,IPC índice general media anual,INE - IPC tabla 50934,108.39,https://ine.es/jaxiT3/Tabla.htm?t=50934,índice base 2021=100,2022,Anual,media anual,oficial,País,España,Media anual del índice general de precios de consumo.,2026-07-10,Base 2021.
2023,Precios,IPC,ipc_indice_general_media_anual,IPC índice general media anual,INE - IPC tabla 50934,112.22,https://ine.es/jaxiT3/Tabla.htm?t=50934,índice base 2021=100,2023,Anual,media anual,oficial,País,España,Media anual del índice general de precios de consumo.,2026-07-10,Base 2021.
2024,Precios,IPC,ipc_indice_general_media_anual,IPC índice general media anual,INE - IPC tabla 50934,115.33,https://ine.es/jaxiT3/Tabla.htm?t=50934,índice base 2021=100,2024,Anual,media anual,oficial,País,España,Media anual del índice general de precios de consumo.,2026-07-10,Base 2021.
2025,Precios,IPC,ipc_indice_general_media_anual,IPC índice general media anual,INE - IPC tabla 50934,118.42,https://ine.es/jaxiT3/Tabla.htm?t=50934,índice base 2021=100,2025,Anual,media anual,oficial,País,España,Media anual del índice general de precios de consumo.,2026-07-10,Base 2021.
2018,Renta y desigualdad,Desigualdad,indice_gini,Índice de Gini,INE - ECV tabla 60143,33.2,https://ine.es/jaxiT3/Tabla.htm?t=60143,índice 0-100,2018,Anual,media anual,oficial,País,España,Coeficiente de Gini de ingresos equivalentes.,2026-07-10,ECV; ingresos del año anterior a la entrevista.
2019,Renta y desigualdad,Desigualdad,indice_gini,Índice de Gini,INE - ECV tabla 60143,33,https://ine.es/jaxiT3/Tabla.htm?t=60143,índice 0-100,2019,Anual,media anual,oficial,País,España,Coeficiente de Gini de ingresos equivalentes.,2026-07-10,ECV; ingresos del año anterior a la entrevista.
2020,Renta y desigualdad,Desigualdad,indice_gini,Índice de Gini,INE - ECV tabla 60143,32.1,https://ine.es/jaxiT3/Tabla.htm?t=60143,índice 0-100,2020,Anual,media anual,oficial,País,España,Coeficiente de Gini de ingresos equivalentes.,2026-07-10,ECV; ingresos del año anterior a la entrevista.
2021,Renta y desigualdad,Desigualdad,indice_gini,Índice de Gini,INE - ECV tabla 60143,33,https://ine.es/jaxiT3/Tabla.htm?t=60143,índice 0-100,2021,Anual,media anual,oficial,País,España,Coeficiente de Gini de ingresos equivalentes.,2026-07-10,ECV; ingresos del año anterior a la entrevista.
2022,Renta y desigualdad,Desigualdad,indice_gini,Índice de Gini,INE - ECV tabla 60143,32,https://ine.es/jaxiT3/Tabla.htm?t=60143,índice 0-100,2022,Anual,media anual,oficial,País,España,Coeficiente de Gini de ingresos equivalentes.,2026-07-10,ECV; ingresos del año anterior a la entrevista.
2023,Renta y desigualdad,Desigualdad,indice_gini,Índice de Gini,INE - ECV tabla 60143,31.5,https://ine.es/jaxiT3/Tabla.htm?t=60143,índice 0-100,2023,Anual,media anual,oficial,País,España,Coeficiente de Gini de ingresos equivalentes.,2026-07-10,ECV; ingresos del año anterior a la entrevista.
2024,Renta y desigualdad,Desigualdad,indice_gini,Índice de Gini,INE - ECV tabla 60143,31.2,https://ine.es/jaxiT3/Tabla.htm?t=60143,índice 0-100,2024,Anual,media anual,oficial,País,España,Coeficiente de Gini de ingresos equivalentes.,2026-07-10,ECV; ingresos del año anterior a la entrevista.
2025,Renta y desigualdad,Desigualdad,indice_gini,Índice de Gini,INE - ECV tabla 60143,30.8,https://ine.es/jaxiT3/Tabla.htm?t=60143,índice 0-100,2025,Anual,media anual,oficial,País,España,Coeficiente de Gini de ingresos equivalentes.,2026-07-10,ECV; ingresos del año anterior a la entrevista.
2018,Renta y desigualdad,Desigualdad,ratio_s80_s20,Ratio S80/S20,INE - ECV tabla 60143,6,https://ine.es/jaxiT3/Tabla.htm?t=60143,ratio,2018,Anual,media anual,oficial,País,España,Relación entre la renta del 20% con ingresos más elevados y la del 20% con ingresos más bajos.,2026-07-10,ECV; ingresos del año anterior a la entrevista.
2019,Renta y desigualdad,Desigualdad,ratio_s80_s20,Ratio S80/S20,INE - ECV tabla 60143,5.9,https://ine.es/jaxiT3/Tabla.htm?t=60143,ratio,2019,Anual,media anual,oficial,País,España,Relación entre la renta del 20% con ingresos más elevados y la del 20% con ingresos más bajos.,2026-07-10,ECV; ingresos del año anterior a la entrevista.
2020,Renta y desigualdad,Desigualdad,ratio_s80_s20,Ratio S80/S20,INE - ECV tabla 60143,5.8,https://ine.es/jaxiT3/Tabla.htm?t=60143,ratio,2020,Anual,media anual,oficial,País,España,Relación entre la renta del 20% con ingresos más elevados y la del 20% con ingresos más bajos.,2026-07-10,ECV; ingresos del año anterior a la entrevista.
2021,Renta y desigualdad,Desigualdad,ratio_s80_s20,Ratio S80/S20,INE - ECV tabla 60143,6.2,https://ine.es/jaxiT3/Tabla.htm?t=60143,ratio,2021,Anual,media anual,oficial,País,España,Relación entre la renta del 20% con ingresos más elevados y la del 20% con ingresos más bajos.,2026-07-10,ECV; ingresos del año anterior a la entrevista.
2022,Renta y desigualdad,Desigualdad,ratio_s80_s20,Ratio S80/S20,INE - ECV tabla 60143,5.6,https://ine.es/jaxiT3/Tabla.htm?t=60143,ratio,2022,Anual,media anual,oficial,País,España,Relación entre la renta del 20% con ingresos más elevados y la del 20% con ingresos más bajos.,2026-07-10,ECV; ingresos del año anterior a la entrevista.
2023,Renta y desigualdad,Desigualdad,ratio_s80_s20,Ratio S80/S20,INE - ECV tabla 60143,5.5,https://ine.es/jaxiT3/Tabla.htm?t=60143,ratio,2023,Anual,media anual,oficial,País,España,Relación entre la renta del 20% con ingresos más elevados y la del 20% con ingresos más bajos.,2026-07-10,ECV; ingresos del año anterior a la entrevista.
2024,Renta y desigualdad,Desigualdad,ratio_s80_s20,Ratio S80/S20,INE - ECV tabla 60143,5.4,https://ine.es/jaxiT3/Tabla.htm?t=60143,ratio,2024,Anual,media anual,oficial,País,España,Relación entre la renta del 20% con ingresos más elevados y la del 20% con ingresos más bajos.,2026-07-10,ECV; ingresos del año anterior a la entrevista.
2025,Renta y desigualdad,Desigualdad,ratio_s80_s20,Ratio S80/S20,INE - ECV tabla 60143,5.2,https://ine.es/jaxiT3/Tabla.htm?t=60143,ratio,2025,Anual,media anual,oficial,País,España,Relación entre la renta del 20% con ingresos más elevados y la del 20% con ingresos más bajos.,2026-07-10,ECV; ingresos del año anterior a la entrevista.
2018,Renta y desigualdad,Pobreza,baja_intensidad_trabajo,Baja intensidad en el trabajo,INE - ECV tabla 60254,10.8,https://ine.es/jaxiT3/Tabla.htm?t=60254,%,2018,Anual,media anual,oficial,País,España,Población de 0 a 64 años que vive en hogares con baja intensidad laboral.,2026-07-10,Componente AROPE Europa 2030.
2019,Renta y desigualdad,Pobreza,baja_intensidad_trabajo,Baja intensidad en el trabajo,INE - ECV tabla 60254,10.9,https://ine.es/jaxiT3/Tabla.htm?t=60254,%,2019,Anual,media anual,oficial,País,España,Población de 0 a 64 años que vive en hogares con baja intensidad laboral.,2026-07-10,Componente AROPE Europa 2030.
2020,Renta y desigualdad,Pobreza,baja_intensidad_trabajo,Baja intensidad en el trabajo,INE - ECV tabla 60254,10,https://ine.es/jaxiT3/Tabla.htm?t=60254,%,2020,Anual,media anual,oficial,País,España,Población de 0 a 64 años que vive en hogares con baja intensidad laboral.,2026-07-10,Componente AROPE Europa 2030.
2021,Renta y desigualdad,Pobreza,baja_intensidad_trabajo,Baja intensidad en el trabajo,INE - ECV tabla 60254,11.6,https://ine.es/jaxiT3/Tabla.htm?t=60254,%,2021,Anual,media anual,oficial,País,España,Población de 0 a 64 años que vive en hogares con baja intensidad laboral.,2026-07-10,Componente AROPE Europa 2030.
2022,Renta y desigualdad,Pobreza,baja_intensidad_trabajo,Baja intensidad en el trabajo,INE - ECV tabla 60254,8.7,https://ine.es/jaxiT3/Tabla.htm?t=60254,%,2022,Anual,media anual,oficial,País,España,Población de 0 a 64 años que vive en hogares con baja intensidad laboral.,2026-07-10,Componente AROPE Europa 2030.
2023,Renta y desigualdad,Pobreza,baja_intensidad_trabajo,Baja intensidad en el trabajo,INE - ECV tabla 60254,8.4,https://ine.es/jaxiT3/Tabla.htm?t=60254,%,2023,Anual,media anual,oficial,País,España,Población de 0 a 64 años que vive en hogares con baja intensidad laboral.,2026-07-10,Componente AROPE Europa 2030.
2024,Renta y desigualdad,Pobreza,baja_intensidad_trabajo,Baja intensidad en el trabajo,INE - ECV tabla 60254,8,https://ine.es/jaxiT3/Tabla.htm?t=60254,%,2024,Anual,media anual,oficial,País,España,Población de 0 a 64 años que vive en hogares con baja intensidad laboral.,2026-07-10,Componente AROPE Europa 2030.
2025,Renta y desigualdad,Pobreza,baja_intensidad_trabajo,Baja intensidad en el trabajo,INE - ECV tabla 60254,8,https://ine.es/jaxiT3/Tabla.htm?t=60254,%,2025,Anual,media anual,oficial,País,España,Población de 0 a 64 años que vive en hogares con baja intensidad laboral.,2026-07-10,Componente AROPE Europa 2030.
2018,Renta y desigualdad,Pobreza,carencia_material_social_severa,Carencia material y social severa,INE - ECV tabla 60254,8.7,https://ine.es/jaxiT3/Tabla.htm?t=60254,%,2018,Anual,media anual,oficial,País,España,Población con carencia material y social severa.,2026-07-10,Componente AROPE Europa 2030.
2019,Renta y desigualdad,Pobreza,carencia_material_social_severa,Carencia material y social severa,INE - ECV tabla 60254,7.7,https://ine.es/jaxiT3/Tabla.htm?t=60254,%,2019,Anual,media anual,oficial,País,España,Población con carencia material y social severa.,2026-07-10,Componente AROPE Europa 2030.
2020,Renta y desigualdad,Pobreza,carencia_material_social_severa,Carencia material y social severa,INE - ECV tabla 60254,8.5,https://ine.es/jaxiT3/Tabla.htm?t=60254,%,2020,Anual,media anual,oficial,País,España,Población con carencia material y social severa.,2026-07-10,Componente AROPE Europa 2030.
2021,Renta y desigualdad,Pobreza,carencia_material_social_severa,Carencia material y social severa,INE - ECV tabla 60254,8.3,https://ine.es/jaxiT3/Tabla.htm?t=60254,%,2021,Anual,media anual,oficial,País,España,Población con carencia material y social severa.,2026-07-10,Componente AROPE Europa 2030.
2022,Renta y desigualdad,Pobreza,carencia_material_social_severa,Carencia material y social severa,INE - ECV tabla 60254,7.7,https://ine.es/jaxiT3/Tabla.htm?t=60254,%,2022,Anual,media anual,oficial,País,España,Población con carencia material y social severa.,2026-07-10,Componente AROPE Europa 2030.
2023,Renta y desigualdad,Pobreza,carencia_material_social_severa,Carencia material y social severa,INE - ECV tabla 60254,9,https://ine.es/jaxiT3/Tabla.htm?t=60254,%,2023,Anual,media anual,oficial,País,España,Población con carencia material y social severa.,2026-07-10,Componente AROPE Europa 2030.
2024,Renta y desigualdad,Pobreza,carencia_material_social_severa,Carencia material y social severa,INE - ECV tabla 60254,8.3,https://ine.es/jaxiT3/Tabla.htm?t=60254,%,2024,Anual,media anual,oficial,País,España,Población con carencia material y social severa.,2026-07-10,Componente AROPE Europa 2030.
2025,Renta y desigualdad,Pobreza,carencia_material_social_severa,Carencia material y social severa,INE - ECV tabla 60254,8.1,https://ine.es/jaxiT3/Tabla.htm?t=60254,%,2025,Anual,media anual,oficial,País,España,Población con carencia material y social severa.,2026-07-10,Componente AROPE Europa 2030.
2018,Renta y desigualdad,Pobreza,tasa_arope,Tasa AROPE,INE - ECV tabla 60254,27.3,https://ine.es/jaxiT3/Tabla.htm?t=60254,%,2018,Anual,media anual,oficial,País,España,Población en riesgo de pobreza o exclusión social según indicador AROPE Europa 2030.,2026-07-10,ECV; ingresos del año anterior a la entrevista.
2019,Renta y desigualdad,Pobreza,tasa_arope,Tasa AROPE,INE - ECV tabla 60254,26.2,https://ine.es/jaxiT3/Tabla.htm?t=60254,%,2019,Anual,media anual,oficial,País,España,Población en riesgo de pobreza o exclusión social según indicador AROPE Europa 2030.,2026-07-10,ECV; ingresos del año anterior a la entrevista.
2020,Renta y desigualdad,Pobreza,tasa_arope,Tasa AROPE,INE - ECV tabla 60254,27,https://ine.es/jaxiT3/Tabla.htm?t=60254,%,2020,Anual,media anual,oficial,País,España,Población en riesgo de pobreza o exclusión social según indicador AROPE Europa 2030.,2026-07-10,ECV; ingresos del año anterior a la entrevista.
2021,Renta y desigualdad,Pobreza,tasa_arope,Tasa AROPE,INE - ECV tabla 60254,27.8,https://ine.es/jaxiT3/Tabla.htm?t=60254,%,2021,Anual,media anual,oficial,País,España,Población en riesgo de pobreza o exclusión social según indicador AROPE Europa 2030.,2026-07-10,ECV; ingresos del año anterior a la entrevista.
2022,Renta y desigualdad,Pobreza,tasa_arope,Tasa AROPE,INE - ECV tabla 60254,26,https://ine.es/jaxiT3/Tabla.htm?t=60254,%,2022,Anual,media anual,oficial,País,España,Población en riesgo de pobreza o exclusión social según indicador AROPE Europa 2030.,2026-07-10,ECV; ingresos del año anterior a la entrevista.
2023,Renta y desigualdad,Pobreza,tasa_arope,Tasa AROPE,INE - ECV tabla 60254,26.5,https://ine.es/jaxiT3/Tabla.htm?t=60254,%,2023,Anual,media anual,oficial,País,España,Población en riesgo de pobreza o exclusión social según indicador AROPE Europa 2030.,2026-07-10,ECV; ingresos del año anterior a la entrevista.
2024,Renta y desigualdad,Pobreza,tasa_arope,Tasa AROPE,INE - ECV tabla 60254,25.8,https://ine.es/jaxiT3/Tabla.htm?t=60254,%,2024,Anual,media anual,oficial,País,España,Población en riesgo de pobreza o exclusión social según indicador AROPE Europa 2030.,2026-07-10,ECV; ingresos del año anterior a la entrevista.
2025,Renta y desigualdad,Pobreza,tasa_arope,Tasa AROPE,INE - ECV tabla 60254,25.7,https://ine.es/jaxiT3/Tabla.htm?t=60254,%,2025,Anual,media anual,oficial,País,España,Población en riesgo de pobreza o exclusión social según indicador AROPE Europa 2030.,2026-07-10,ECV; ingresos del año anterior a la entrevista.
2018,Renta y desigualdad,Pobreza,tasa_riesgo_pobreza,Tasa de riesgo de pobreza,INE - ECV tabla 60254,21.5,https://ine.es/jaxiT3/Tabla.htm?t=60254,%,2018,Anual,media anual,oficial,País,España,Población con ingresos por unidad de consumo por debajo del 60% de la mediana.,2026-07-10,ECV; ingresos del año anterior a la entrevista.
2019,Renta y desigualdad,Pobreza,tasa_riesgo_pobreza,Tasa de riesgo de pobreza,INE - ECV tabla 60254,20.7,https://ine.es/jaxiT3/Tabla.htm?t=60254,%,2019,Anual,media anual,oficial,País,España,Población con ingresos por unidad de consumo por debajo del 60% de la mediana.,2026-07-10,ECV; ingresos del año anterior a la entrevista.
2020,Renta y desigualdad,Pobreza,tasa_riesgo_pobreza,Tasa de riesgo de pobreza,INE - ECV tabla 60254,21,https://ine.es/jaxiT3/Tabla.htm?t=60254,%,2020,Anual,media anual,oficial,País,España,Población con ingresos por unidad de consumo por debajo del 60% de la mediana.,2026-07-10,ECV; ingresos del año anterior a la entrevista.
2021,Renta y desigualdad,Pobreza,tasa_riesgo_pobreza,Tasa de riesgo de pobreza,INE - ECV tabla 60254,21.7,https://ine.es/jaxiT3/Tabla.htm?t=60254,%,2021,Anual,media anual,oficial,País,España,Población con ingresos por unidad de consumo por debajo del 60% de la mediana.,2026-07-10,ECV; ingresos del año anterior a la entrevista.
2022,Renta y desigualdad,Pobreza,tasa_riesgo_pobreza,Tasa de riesgo de pobreza,INE - ECV tabla 60254,20.4,https://ine.es/jaxiT3/Tabla.htm?t=60254,%,2022,Anual,media anual,oficial,País,España,Población con ingresos por unidad de consumo por debajo del 60% de la mediana.,2026-07-10,ECV; ingresos del año anterior a la entrevista.
2023,Renta y desigualdad,Pobreza,tasa_riesgo_pobreza,Tasa de riesgo de pobreza,INE - ECV tabla 60254,20.2,https://ine.es/jaxiT3/Tabla.htm?t=60254,%,2023,Anual,media anual,oficial,País,España,Población con ingresos por unidad de consumo por debajo del 60% de la mediana.,2026-07-10,ECV; ingresos del año anterior a la entrevista.
2024,Renta y desigualdad,Pobreza,tasa_riesgo_pobreza,Tasa de riesgo de pobreza,INE - ECV tabla 60254,19.7,https://ine.es/jaxiT3/Tabla.htm?t=60254,%,2024,Anual,media anual,oficial,País,España,Población con ingresos por unidad de consumo por debajo del 60% de la mediana.,2026-07-10,ECV; ingresos del año anterior a la entrevista.
2025,Renta y desigualdad,Pobreza,tasa_riesgo_pobreza,Tasa de riesgo de pobreza,INE - ECV tabla 60254,19.5,https://ine.es/jaxiT3/Tabla.htm?t=60254,%,2025,Anual,media anual,oficial,País,España,Población con ingresos por unidad de consumo por debajo del 60% de la mediana.,2026-07-10,ECV; ingresos del año anterior a la entrevista.
2018,Renta y desigualdad,Renta,renta_media_unidad_consumo,Renta media por unidad de consumo,INE - ECV tabla 9942,16937,https://ine.es/jaxiT3/Tabla.htm?t=9942,euros,2018,Anual,media anual,oficial,País,España,Renta anual media por unidad de consumo.,2026-07-10,En ECV los ingresos se refieren al año anterior al de la entrevista.
2019,Renta y desigualdad,Renta,renta_media_unidad_consumo,Renta media por unidad de consumo,INE - ECV tabla 9942,17287,https://ine.es/jaxiT3/Tabla.htm?t=9942,euros,2019,Anual,media anual,oficial,País,España,Renta anual media por unidad de consumo.,2026-07-10,En ECV los ingresos se refieren al año anterior al de la entrevista.
2020,Renta y desigualdad,Renta,renta_media_unidad_consumo,Renta media por unidad de consumo,INE - ECV tabla 9942,18116,https://ine.es/jaxiT3/Tabla.htm?t=9942,euros,2020,Anual,media anual,oficial,País,España,Renta anual media por unidad de consumo.,2026-07-10,En ECV los ingresos se refieren al año anterior al de la entrevista.
2021,Renta y desigualdad,Renta,renta_media_unidad_consumo,Renta media por unidad de consumo,INE - ECV tabla 9942,18103,https://ine.es/jaxiT3/Tabla.htm?t=9942,euros,2021,Anual,media anual,oficial,País,España,Renta anual media por unidad de consumo.,2026-07-10,En ECV los ingresos se refieren al año anterior al de la entrevista.
2022,Renta y desigualdad,Renta,renta_media_unidad_consumo,Renta media por unidad de consumo,INE - ECV tabla 9942,19160,https://ine.es/jaxiT3/Tabla.htm?t=9942,euros,2022,Anual,media anual,oficial,País,España,Renta anual media por unidad de consumo.,2026-07-10,En ECV los ingresos se refieren al año anterior al de la entrevista.
2023,Renta y desigualdad,Renta,renta_media_unidad_consumo,Renta media por unidad de consumo,INE - ECV tabla 9942,20676,https://ine.es/jaxiT3/Tabla.htm?t=9942,euros,2023,Anual,media anual,oficial,País,España,Renta anual media por unidad de consumo.,2026-07-10,En ECV los ingresos se refieren al año anterior al de la entrevista.
2024,Renta y desigualdad,Renta,renta_media_unidad_consumo,Renta media por unidad de consumo,INE - ECV tabla 9942,21759,https://ine.es/jaxiT3/Tabla.htm?t=9942,euros,2024,Anual,media anual,oficial,País,España,Renta anual media por unidad de consumo.,2026-07-10,En ECV los ingresos se refieren al año anterior al de la entrevista.
2025,Renta y desigualdad,Renta,renta_media_unidad_consumo,Renta media por unidad de consumo,INE - ECV tabla 9942,22943,https://ine.es/jaxiT3/Tabla.htm?t=9942,euros,2025,Anual,media anual,oficial,País,España,Renta anual media por unidad de consumo.,2026-07-10,En ECV los ingresos se refieren al año anterior al de la entrevista.
2018,Renta y desigualdad,Renta,renta_neta_media_persona,Renta neta media por persona,INE - ECV tabla 9942,11412,https://ine.es/jaxiT3/Tabla.htm?t=9942,euros,2018,Anual,media anual,oficial,País,España,Renta anual neta media por persona.,2026-07-10,En ECV los ingresos se refieren al año anterior al de la entrevista.
2019,Renta y desigualdad,Renta,renta_neta_media_persona,Renta neta media por persona,INE - ECV tabla 9942,11680,https://ine.es/jaxiT3/Tabla.htm?t=9942,euros,2019,Anual,media anual,oficial,País,España,Renta anual neta media por persona.,2026-07-10,En ECV los ingresos se refieren al año anterior al de la entrevista.
2020,Renta y desigualdad,Renta,renta_neta_media_persona,Renta neta media por persona,INE - ECV tabla 9942,12292,https://ine.es/jaxiT3/Tabla.htm?t=9942,euros,2020,Anual,media anual,oficial,País,España,Renta anual neta media por persona.,2026-07-10,En ECV los ingresos se refieren al año anterior al de la entrevista.
2021,Renta y desigualdad,Renta,renta_neta_media_persona,Renta neta media por persona,INE - ECV tabla 9942,12269,https://ine.es/jaxiT3/Tabla.htm?t=9942,euros,2021,Anual,media anual,oficial,País,España,Renta anual neta media por persona.,2026-07-10,En ECV los ingresos se refieren al año anterior al de la entrevista.
2022,Renta y desigualdad,Renta,renta_neta_media_persona,Renta neta media por persona,INE - ECV tabla 9942,13008,https://ine.es/jaxiT3/Tabla.htm?t=9942,euros,2022,Anual,media anual,oficial,País,España,Renta anual neta media por persona.,2026-07-10,En ECV los ingresos se refieren al año anterior al de la entrevista.
2023,Renta y desigualdad,Renta,renta_neta_media_persona,Renta neta media por persona,INE - ECV tabla 9942,14082,https://ine.es/jaxiT3/Tabla.htm?t=9942,euros,2023,Anual,media anual,oficial,País,España,Renta anual neta media por persona.,2026-07-10,En ECV los ingresos se refieren al año anterior al de la entrevista.
2024,Renta y desigualdad,Renta,renta_neta_media_persona,Renta neta media por persona,INE - ECV tabla 9942,14807,https://ine.es/jaxiT3/Tabla.htm?t=9942,euros,2024,Anual,media anual,oficial,País,España,Renta anual neta media por persona.,2026-07-10,En ECV los ingresos se refieren al año anterior al de la entrevista.
2025,Renta y desigualdad,Renta,renta_neta_media_persona,Renta neta media por persona,INE - ECV tabla 9942,15620,https://ine.es/jaxiT3/Tabla.htm?t=9942,euros,2025,Anual,media anual,oficial,País,España,Renta anual neta media por persona.,2026-07-10,En ECV los ingresos se refieren al año anterior al de la entrevista.
2018,Sanidad,Gasto público,gasto_sanitario_publico_pib,Gasto sanitario público,Ministerio de Sanidad - Estadística de Gasto Sanitario Público,5.9,https://www.sanidad.gob.es/estadEstudios/estadisticas/inforRecopilaciones/gastoSanitario2005/tablasEstEGSP/Principales_resultados.pdf,% PIB,2018,Anual,año natural,oficial_hasta_2024,País,España,Gasto sanitario público consolidado como porcentaje del PIB.,2026-07-10,Último cierre oficial disponible: 2024. 2025 queda sin dato hasta nueva publicación EGSP. Serie recuperada de la primera versión saneada para no perder cobertura histórica 2018-2025.
2019,Sanidad,Gasto público,gasto_sanitario_publico_pib,Gasto sanitario público,Ministerio de Sanidad - Estadística de Gasto Sanitario Público,6,https://www.sanidad.gob.es/estadEstudios/estadisticas/inforRecopilaciones/gastoSanitario2005/tablasEstEGSP/Principales_resultados.pdf,% PIB,2019,Anual,año natural,oficial_hasta_2024,País,España,Gasto sanitario público consolidado como porcentaje del PIB.,2026-07-10,Último cierre oficial disponible: 2024. 2025 queda sin dato hasta nueva publicación EGSP. Serie recuperada de la primera versión saneada para no perder cobertura histórica 2018-2025.
2020,Sanidad,Gasto público,gasto_sanitario_publico_pib,Gasto sanitario público,Ministerio de Sanidad - Estadística de Gasto Sanitario Público,7.4,https://www.sanidad.gob.es/estadEstudios/estadisticas/inforRecopilaciones/gastoSanitario2005/tablasEstEGSP/Principales_resultados.pdf,% PIB,2020,Anual,año natural,oficial_hasta_2024,País,España,Gasto sanitario público consolidado como porcentaje del PIB.,2026-07-10,Último cierre oficial disponible: 2024. 2025 queda sin dato hasta nueva publicación EGSP. Serie recuperada de la primera versión saneada para no perder cobertura histórica 2018-2025.
2021,Sanidad,Gasto público,gasto_sanitario_publico_pib,Gasto sanitario público,Ministerio de Sanidad - Estadística de Gasto Sanitario Público,7.1,https://www.sanidad.gob.es/estadEstudios/estadisticas/inforRecopilaciones/gastoSanitario2005/tablasEstEGSP/Principales_resultados.pdf,% PIB,2021,Anual,año natural,oficial_hasta_2024,País,España,Gasto sanitario público consolidado como porcentaje del PIB.,2026-07-10,Último cierre oficial disponible: 2024. 2025 queda sin dato hasta nueva publicación EGSP. Serie recuperada de la primera versión saneada para no perder cobertura histórica 2018-2025.
2022,Sanidad,Gasto público,gasto_sanitario_publico_pib,Gasto sanitario público,Ministerio de Sanidad - Estadística de Gasto Sanitario Público,6.7,https://www.sanidad.gob.es/estadEstudios/estadisticas/inforRecopilaciones/gastoSanitario2005/tablasEstEGSP/Principales_resultados.pdf,% PIB,2022,Anual,año natural,oficial_hasta_2024,País,España,Gasto sanitario público consolidado como porcentaje del PIB.,2026-07-10,Último cierre oficial disponible: 2024. 2025 queda sin dato hasta nueva publicación EGSP. Serie recuperada de la primera versión saneada para no perder cobertura histórica 2018-2025.
2023,Sanidad,Gasto público,gasto_sanitario_publico_pib,Gasto sanitario público,Ministerio de Sanidad - Estadística de Gasto Sanitario Público,6.5,https://www.sanidad.gob.es/estadEstudios/estadisticas/inforRecopilaciones/gastoSanitario2005/tablasEstEGSP/Principales_resultados.pdf,% PIB,2023,Anual,año natural,oficial_hasta_2024,País,España,Gasto sanitario público consolidado como porcentaje del PIB.,2026-07-10,Último cierre oficial disponible: 2024. 2025 queda sin dato hasta nueva publicación EGSP. Serie recuperada de la primera versión saneada para no perder cobertura histórica 2018-2025.
2024,Sanidad,Gasto público,gasto_sanitario_publico_pib,Gasto sanitario público,Ministerio de Sanidad - EGSP,6.4,https://www.sanidad.gob.es/estadEstudios/estadisticas/inforRecopilaciones/gastoSanitario2005/tablasEstEGSP/Principales_resultados.pdf,% PIB,2024,Anual,año natural,oficial,País,España,Gasto sanitario público consolidado como porcentaje del PIB.,2026-07-10,Dato 2024 cerrado publicado en los principales resultados de la Estadística de Gasto Sanitario Público. No se rellena 2025 hasta publicación oficial.
2018,Sector público,Deuda,deuda_publica_pde_pib,Deuda pública PDE,Banco de España - Deuda AAPP PDE,97.6,https://www.bde.es/wbe/es/noticias-eventos/actualidad-banco-espana/deuda-aapp-2025t4.html,% PIB,2018,Anual / cierre diciembre,cierre anual,oficial,País,España,Deuda de las Administraciones Públicas según Protocolo de Déficit Excesivo en porcentaje del PIB.,2026-07-10,"2025 cierre: 100,7% del PIB. 2024 cierre: 101,8% del PIB. Serie recuperada de la primera versión saneada para no perder cobertura histórica 2018-2025."
2019,Sector público,Deuda,deuda_publica_pde_pib,Deuda pública PDE,Banco de España - Deuda AAPP PDE,98.2,https://www.bde.es/wbe/es/noticias-eventos/actualidad-banco-espana/deuda-aapp-2025t4.html,% PIB,2019,Anual / cierre diciembre,cierre anual,oficial,País,España,Deuda de las Administraciones Públicas según Protocolo de Déficit Excesivo en porcentaje del PIB.,2026-07-10,"2025 cierre: 100,7% del PIB. 2024 cierre: 101,8% del PIB. Serie recuperada de la primera versión saneada para no perder cobertura histórica 2018-2025."
2020,Sector público,Deuda,deuda_publica_pde_pib,Deuda pública PDE,Banco de España - Deuda AAPP PDE,120.3,https://www.bde.es/wbe/es/noticias-eventos/actualidad-banco-espana/deuda-aapp-2025t4.html,% PIB,2020,Anual / cierre diciembre,cierre anual,oficial,País,España,Deuda de las Administraciones Públicas según Protocolo de Déficit Excesivo en porcentaje del PIB.,2026-07-10,"2025 cierre: 100,7% del PIB. 2024 cierre: 101,8% del PIB. Serie recuperada de la primera versión saneada para no perder cobertura histórica 2018-2025."
2021,Sector público,Deuda,deuda_publica_pde_pib,Deuda pública PDE,Banco de España - Deuda AAPP PDE,118.4,https://www.bde.es/wbe/es/noticias-eventos/actualidad-banco-espana/deuda-aapp-2025t4.html,% PIB,2021,Anual / cierre diciembre,cierre anual,oficial,País,España,Deuda de las Administraciones Públicas según Protocolo de Déficit Excesivo en porcentaje del PIB.,2026-07-10,"2025 cierre: 100,7% del PIB. 2024 cierre: 101,8% del PIB. Serie recuperada de la primera versión saneada para no perder cobertura histórica 2018-2025."
2022,Sector público,Deuda,deuda_publica_pde_pib,Deuda pública PDE,Banco de España - deuda PDE de las AAPP,109.5,https://www.bde.es/wbe/es/noticias-eventos/actualidad-banco-espana/notas-banco-espana/la-deuda-de-las-administraciones-publicas-se-situo-en-diciembre-de-2024--en-el-1018-del-pib-33-pp-menos-que-a-finales-de-2023.html,% PIB,2022,Anual,cierre anual,oficial,País,España,Deuda de las Administraciones Públicas según el Protocolo de Déficit Excesivo en porcentaje del PIB.,2026-07-10,Ratio de cierre anual / cuarto trimestre.
2023,Sector público,Deuda,deuda_publica_pde_pib,Deuda pública PDE,Banco de España - deuda PDE de las AAPP,105.1,https://www.bde.es/wbe/es/noticias-eventos/actualidad-banco-espana/notas-banco-espana/la-deuda-de-las-administraciones-publicas-se-situo-en-diciembre-de-2024--en-el-1018-del-pib-33-pp-menos-que-a-finales-de-2023.html,% PIB,2023,Anual,cierre anual,oficial,País,España,Deuda de las Administraciones Públicas según el Protocolo de Déficit Excesivo en porcentaje del PIB.,2026-07-10,Ratio de cierre anual / cuarto trimestre.
2024,Sector público,Deuda,deuda_publica_pde_pib,Deuda pública PDE,Banco de España - deuda PDE de las AAPP,101.8,https://www.bde.es/wbe/es/noticias-eventos/actualidad-banco-espana/notas-banco-espana/la-deuda-de-las-administraciones-publicas-se-situo-en-diciembre-de-2024--en-el-1018-del-pib-33-pp-menos-que-a-finales-de-2023.html,% PIB,2024,Anual,cierre anual,oficial,País,España,Deuda de las Administraciones Públicas según el Protocolo de Déficit Excesivo en porcentaje del PIB.,2026-07-10,Ratio de cierre anual / cuarto trimestre.
2025,Sector público,Deuda,deuda_publica_pde_pib,Deuda pública PDE,Banco de España - deuda PDE de las AAPP,100.7,https://www.bde.es/wbe/es/noticias-eventos/actualidad-banco-espana/deuda-aapp-2025t4.html,% PIB,2025,Anual,cierre anual,oficial,País,España,Deuda de las Administraciones Públicas según el Protocolo de Déficit Excesivo en porcentaje del PIB.,2026-07-10,Ratio de cierre anual / cuarto trimestre.
2019,Sector público,Deuda,variacion_deuda_publica_pp,Variación deuda pública,Cálculo propio con Banco de España,0.6,https://www.bde.es/wbe/es/noticias-eventos/actualidad-banco-espana/deuda-aapp-2025t4.html,puntos porcentuales,2019,Anual / cierre diciembre,cierre anual,calculado,País,España,Variación anual en puntos porcentuales de la ratio de deuda pública PDE sobre PIB.,2026-07-10,"Sustituye la antigua columna de crecimiento porcentual de la deuda; para ratios, la variación en p.p. es más interpretable. Serie recuperada de la primera versión saneada para no perder cobertura histórica 2018-2025."
2020,Sector público,Deuda,variacion_deuda_publica_pp,Variación deuda pública,Cálculo propio con Banco de España,22.1,https://www.bde.es/wbe/es/noticias-eventos/actualidad-banco-espana/deuda-aapp-2025t4.html,puntos porcentuales,2020,Anual / cierre diciembre,cierre anual,calculado,País,España,Variación anual en puntos porcentuales de la ratio de deuda pública PDE sobre PIB.,2026-07-10,"Sustituye la antigua columna de crecimiento porcentual de la deuda; para ratios, la variación en p.p. es más interpretable. Serie recuperada de la primera versión saneada para no perder cobertura histórica 2018-2025."
2021,Sector público,Deuda,variacion_deuda_publica_pp,Variación deuda pública,Cálculo propio con Banco de España,-1.9,https://www.bde.es/wbe/es/noticias-eventos/actualidad-banco-espana/deuda-aapp-2025t4.html,puntos porcentuales,2021,Anual / cierre diciembre,cierre anual,calculado,País,España,Variación anual en puntos porcentuales de la ratio de deuda pública PDE sobre PIB.,2026-07-10,"Sustituye la antigua columna de crecimiento porcentual de la deuda; para ratios, la variación en p.p. es más interpretable. Serie recuperada de la primera versión saneada para no perder cobertura histórica 2018-2025."
2022,Sector público,Deuda,variacion_deuda_publica_pp,Variación deuda pública,Cálculo propio con Banco de España,-6.8,https://www.bde.es/wbe/es/noticias-eventos/actualidad-banco-espana/deuda-aapp-2025t4.html,puntos porcentuales,2022,Anual / cierre diciembre,cierre anual,calculado,País,España,Variación anual en puntos porcentuales de la ratio de deuda pública PDE sobre PIB.,2026-07-10,"Sustituye la antigua columna de crecimiento porcentual de la deuda; para ratios, la variación en p.p. es más interpretable. Serie recuperada de la primera versión saneada para no perder cobertura histórica 2018-2025."
2023,Sector público,Deuda,variacion_deuda_publica_pp,Variación deuda pública,Cálculo propio sobre Banco de España,-4.4,https://www.bde.es/wbe/es/noticias-eventos/actualidad-banco-espana/notas-banco-espana/la-deuda-de-las-administraciones-publicas-se-situo-en-diciembre-de-2024--en-el-1018-del-pib-33-pp-menos-que-a-finales-de-2023.html,puntos porcentuales,2023,Anual,cierre anual,calculado,País,España,Variación anual en puntos porcentuales de la ratio de deuda pública PDE sobre PIB.,2026-07-10,Calculado como deuda 2023 - deuda 2022.
2024,Sector público,Deuda,variacion_deuda_publica_pp,Variación deuda pública,Cálculo propio sobre Banco de España,-3.3,https://www.bde.es/wbe/es/noticias-eventos/actualidad-banco-espana/notas-banco-espana/la-deuda-de-las-administraciones-publicas-se-situo-en-diciembre-de-2024--en-el-1018-del-pib-33-pp-menos-que-a-finales-de-2023.html,puntos porcentuales,2024,Anual,cierre anual,calculado,País,España,Variación anual en puntos porcentuales de la ratio de deuda pública PDE sobre PIB.,2026-07-10,Calculado como deuda 2024 - deuda 2023.
2025,Sector público,Deuda,variacion_deuda_publica_pp,Variación deuda pública,Cálculo propio sobre Banco de España,-1.1,https://www.bde.es/wbe/es/noticias-eventos/actualidad-banco-espana/deuda-aapp-2025t4.html,puntos porcentuales,2025,Anual,cierre anual,calculado,País,España,Variación anual en puntos porcentuales de la ratio de deuda pública PDE sobre PIB.,2026-07-10,Calculado como deuda 2025 - deuda 2024.
2018,Turismo,EGATUR,duracion_media_viaje_turista,Duración media viaje turístico,INE - EGATUR tabla 24746,7.45,https://ine.es/jaxiT3/Tabla.htm?t=24746,días,2018,Anual,media anual,oficial,País,España,Duración media de los viajes de turistas internacionales.,2026-07-10,EGATUR; dato base anual.
2019,Turismo,EGATUR,duracion_media_viaje_turista,Duración media viaje turístico,INE - EGATUR tabla 24746,7.11,https://ine.es/jaxiT3/Tabla.htm?t=24746,días,2019,Anual,media anual,oficial,País,España,Duración media de los viajes de turistas internacionales.,2026-07-10,EGATUR; dato base anual.
2020,Turismo,EGATUR,duracion_media_viaje_turista,Duración media viaje turístico,INE - EGATUR tabla 24746,7.82,https://ine.es/jaxiT3/Tabla.htm?t=24746,días,2020,Anual,media anual,oficial,País,España,Duración media de los viajes de turistas internacionales.,2026-07-10,EGATUR; dato base anual.
2021,Turismo,EGATUR,duracion_media_viaje_turista,Duración media viaje turístico,INE - EGATUR tabla 24746,8.15,https://ine.es/jaxiT3/Tabla.htm?t=24746,días,2021,Anual,media anual,oficial,País,España,Duración media de los viajes de turistas internacionales.,2026-07-10,EGATUR; dato base anual.
2022,Turismo,EGATUR,duracion_media_viaje_turista,Duración media viaje turístico,INE - EGATUR tabla 24746,7.5,https://ine.es/jaxiT3/Tabla.htm?t=24746,días,2022,Anual,media anual,oficial,País,España,Duración media de los viajes de turistas internacionales.,2026-07-10,EGATUR; dato base anual.
2023,Turismo,EGATUR,duracion_media_viaje_turista,Duración media viaje turístico,INE - EGATUR tabla 24746,7.22,https://ine.es/jaxiT3/Tabla.htm?t=24746,días,2023,Anual,media anual,oficial,País,España,Duración media de los viajes de turistas internacionales.,2026-07-10,EGATUR; dato base anual.
2024,Turismo,EGATUR,duracion_media_viaje_turista,Duración media viaje turístico,INE - EGATUR tabla 24746,7.23,https://ine.es/jaxiT3/Tabla.htm?t=24746,días,2024,Anual,media anual,oficial,País,España,Duración media de los viajes de turistas internacionales.,2026-07-10,EGATUR; dato base anual.
2025,Turismo,EGATUR,duracion_media_viaje_turista,Duración media viaje turístico,INE - EGATUR tabla 24746,7.13,https://ine.es/jaxiT3/Tabla.htm?t=24746,días,2025,Anual,media anual,oficial,País,España,Duración media de los viajes de turistas internacionales.,2026-07-10,EGATUR; dato base anual.
2018,Turismo,EGATUR,gasto_medio_turista,Gasto medio por turista,INE - EGATUR tabla 24746,1084,https://ine.es/jaxiT3/Tabla.htm?t=24746,euros,2018,Anual,media anual,oficial,País,España,Gasto medio por persona de turistas internacionales.,2026-07-10,EGATUR; dato base anual.
2019,Turismo,EGATUR,gasto_medio_turista,Gasto medio por turista,INE - EGATUR tabla 24746,1101,https://ine.es/jaxiT3/Tabla.htm?t=24746,euros,2019,Anual,media anual,oficial,País,España,Gasto medio por persona de turistas internacionales.,2026-07-10,EGATUR; dato base anual.
2020,Turismo,EGATUR,gasto_medio_turista,Gasto medio por turista,INE - EGATUR tabla 24746,1045,https://ine.es/jaxiT3/Tabla.htm?t=24746,euros,2020,Anual,media anual,oficial,País,España,Gasto medio por persona de turistas internacionales.,2026-07-10,EGATUR; dato base anual.
2021,Turismo,EGATUR,gasto_medio_turista,Gasto medio por turista,INE - EGATUR tabla 24746,1119,https://ine.es/jaxiT3/Tabla.htm?t=24746,euros,2021,Anual,media anual,oficial,País,España,Gasto medio por persona de turistas internacionales.,2026-07-10,EGATUR; dato base anual.
2022,Turismo,EGATUR,gasto_medio_turista,Gasto medio por turista,INE - EGATUR tabla 24746,1216,https://ine.es/jaxiT3/Tabla.htm?t=24746,euros,2022,Anual,media anual,oficial,País,España,Gasto medio por persona de turistas internacionales.,2026-07-10,EGATUR; dato base anual.
2023,Turismo,EGATUR,gasto_medio_turista,Gasto medio por turista,INE - EGATUR tabla 24746,1277,https://ine.es/jaxiT3/Tabla.htm?t=24746,euros,2023,Anual,media anual,oficial,País,España,Gasto medio por persona de turistas internacionales.,2026-07-10,EGATUR; dato base anual.
2024,Turismo,EGATUR,gasto_medio_turista,Gasto medio por turista,INE - EGATUR tabla 24746,1345,https://ine.es/jaxiT3/Tabla.htm?t=24746,euros,2024,Anual,media anual,oficial,País,España,Gasto medio por persona de turistas internacionales.,2026-07-10,EGATUR; dato base anual.
2025,Turismo,EGATUR,gasto_medio_turista,Gasto medio por turista,INE - EGATUR tabla 24746,1392,https://ine.es/jaxiT3/Tabla.htm?t=24746,euros,2025,Anual,media anual,oficial,País,España,Gasto medio por persona de turistas internacionales.,2026-07-10,EGATUR; dato base anual.
2018,Turismo,EGATUR,gasto_turistico_internacional,Gasto turístico internacional,INE - EGATUR tabla 24746,89750.75,https://ine.es/jaxiT3/Tabla.htm?t=24746,millones de euros,2018,Anual,media anual,oficial,País,España,Gasto total anual de turistas internacionales en España.,2026-07-10,EGATUR; dato base anual.
2019,Turismo,EGATUR,gasto_turistico_internacional,Gasto turístico internacional,INE - EGATUR tabla 24746,91911.97,https://ine.es/jaxiT3/Tabla.htm?t=24746,millones de euros,2019,Anual,media anual,oficial,País,España,Gasto total anual de turistas internacionales en España.,2026-07-10,EGATUR; dato base anual.
2020,Turismo,EGATUR,gasto_turistico_internacional,Gasto turístico internacional,INE - EGATUR tabla 24746,19786.78,https://ine.es/jaxiT3/Tabla.htm?t=24746,millones de euros,2020,Anual,media anual,oficial,País,España,Gasto total anual de turistas internacionales en España.,2026-07-10,EGATUR; dato base anual.
2021,Turismo,EGATUR,gasto_turistico_internacional,Gasto turístico internacional,INE - EGATUR tabla 24746,34903.37,https://ine.es/jaxiT3/Tabla.htm?t=24746,millones de euros,2021,Anual,media anual,oficial,País,España,Gasto total anual de turistas internacionales en España.,2026-07-10,EGATUR; dato base anual.
2022,Turismo,EGATUR,gasto_turistico_internacional,Gasto turístico internacional,INE - EGATUR tabla 24746,87138.19,https://ine.es/jaxiT3/Tabla.htm?t=24746,millones de euros,2022,Anual,media anual,oficial,País,España,Gasto total anual de turistas internacionales en España.,2026-07-10,EGATUR; dato base anual.
2023,Turismo,EGATUR,gasto_turistico_internacional,Gasto turístico internacional,INE - EGATUR tabla 24746,108789.41,https://ine.es/jaxiT3/Tabla.htm?t=24746,millones de euros,2023,Anual,media anual,oficial,País,España,Gasto total anual de turistas internacionales en España.,2026-07-10,EGATUR; dato base anual.
2024,Turismo,EGATUR,gasto_turistico_internacional,Gasto turístico internacional,INE - EGATUR tabla 24746,126143.22,https://ine.es/jaxiT3/Tabla.htm?t=24746,millones de euros,2024,Anual,media anual,oficial,País,España,Gasto total anual de turistas internacionales en España.,2026-07-10,EGATUR; dato base anual.
2025,Turismo,EGATUR,gasto_turistico_internacional,Gasto turístico internacional,INE - EGATUR tabla 24746,134743.32,https://ine.es/jaxiT3/Tabla.htm?t=24746,millones de euros,2025,Anual,media anual,oficial,País,España,Gasto total anual de turistas internacionales en España.,2026-07-10,EGATUR; dato base anual.
2018,Turismo,FRONTUR,turistas_internacionales,Turistas internacionales,INE - FRONTUR tabla 23981,82808413,https://ine.es/jaxiT3/Tabla.htm?t=23981,personas,2018,Anual,media anual,oficial,País,España,Número anual de turistas no residentes que entran en España.,2026-07-10,FRONTUR; dato base anual.
2019,Turismo,FRONTUR,turistas_internacionales,Turistas internacionales,INE - FRONTUR tabla 23981,83509153,https://ine.es/jaxiT3/Tabla.htm?t=23981,personas,2019,Anual,media anual,oficial,País,España,Número anual de turistas no residentes que entran en España.,2026-07-10,FRONTUR; dato base anual.
2020,Turismo,FRONTUR,turistas_internacionales,Turistas internacionales,INE - FRONTUR tabla 23981,18933103,https://ine.es/jaxiT3/Tabla.htm?t=23981,personas,2020,Anual,media anual,oficial,País,España,Número anual de turistas no residentes que entran en España.,2026-07-10,FRONTUR; dato base anual.
2021,Turismo,FRONTUR,turistas_internacionales,Turistas internacionales,INE - FRONTUR tabla 23981,31180802,https://ine.es/jaxiT3/Tabla.htm?t=23981,personas,2021,Anual,media anual,oficial,País,España,Número anual de turistas no residentes que entran en España.,2026-07-10,FRONTUR; dato base anual.
2022,Turismo,FRONTUR,turistas_internacionales,Turistas internacionales,INE - FRONTUR tabla 23981,71659281,https://ine.es/jaxiT3/Tabla.htm?t=23981,personas,2022,Anual,media anual,oficial,País,España,Número anual de turistas no residentes que entran en España.,2026-07-10,FRONTUR; dato base anual.
2023,Turismo,FRONTUR,turistas_internacionales,Turistas internacionales,INE - FRONTUR tabla 23981,85169050,https://ine.es/jaxiT3/Tabla.htm?t=23981,personas,2023,Anual,media anual,oficial,País,España,Número anual de turistas no residentes que entran en España.,2026-07-10,FRONTUR; dato base anual.
2024,Turismo,FRONTUR,turistas_internacionales,Turistas internacionales,INE - FRONTUR tabla 23981,93759297,https://ine.es/jaxiT3/Tabla.htm?t=23981,personas,2024,Anual,media anual,oficial,País,España,Número anual de turistas no residentes que entran en España.,2026-07-10,FRONTUR; dato base anual.
2025,Turismo,FRONTUR,turistas_internacionales,Turistas internacionales,INE - FRONTUR tabla 23981,96803894,https://ine.es/jaxiT3/Tabla.htm?t=23981,personas,2025,Anual,media anual,oficial,País,España,Número anual de turistas no residentes que entran en España.,2026-07-10,FRONTUR; dato base anual.
2018,Turismo,FRONTUR,visitantes_internacionales_total,Visitantes internacionales total,INE - FRONTUR tabla 23981,124455667,https://ine.es/jaxiT3/Tabla.htm?t=23981,personas,2018,Anual,media anual,oficial,País,España,"Número anual de visitantes no residentes, turistas y excursionistas.",2026-07-10,FRONTUR; dato base anual.
2019,Turismo,FRONTUR,visitantes_internacionales_total,Visitantes internacionales total,INE - FRONTUR tabla 23981,126170086,https://ine.es/jaxiT3/Tabla.htm?t=23981,personas,2019,Anual,media anual,oficial,País,España,"Número anual de visitantes no residentes, turistas y excursionistas.",2026-07-10,FRONTUR; dato base anual.
2020,Turismo,FRONTUR,visitantes_internacionales_total,Visitantes internacionales total,INE - FRONTUR tabla 23981,36409971,https://ine.es/jaxiT3/Tabla.htm?t=23981,personas,2020,Anual,media anual,oficial,País,España,"Número anual de visitantes no residentes, turistas y excursionistas.",2026-07-10,FRONTUR; dato base anual.
2021,Turismo,FRONTUR,visitantes_internacionales_total,Visitantes internacionales total,INE - FRONTUR tabla 23981,51631377,https://ine.es/jaxiT3/Tabla.htm?t=23981,personas,2021,Anual,media anual,oficial,País,España,"Número anual de visitantes no residentes, turistas y excursionistas.",2026-07-10,FRONTUR; dato base anual.
2022,Turismo,FRONTUR,visitantes_internacionales_total,Visitantes internacionales total,INE - FRONTUR tabla 23981,104968100,https://ine.es/jaxiT3/Tabla.htm?t=23981,personas,2022,Anual,media anual,oficial,País,España,"Número anual de visitantes no residentes, turistas y excursionistas.",2026-07-10,FRONTUR; dato base anual.
2023,Turismo,FRONTUR,visitantes_internacionales_total,Visitantes internacionales total,INE - FRONTUR tabla 23981,125750425,https://ine.es/jaxiT3/Tabla.htm?t=23981,personas,2023,Anual,media anual,oficial,País,España,"Número anual de visitantes no residentes, turistas y excursionistas.",2026-07-10,FRONTUR; dato base anual.
2024,Turismo,FRONTUR,visitantes_internacionales_total,Visitantes internacionales total,INE - FRONTUR tabla 23981,137640110,https://ine.es/jaxiT3/Tabla.htm?t=23981,personas,2024,Anual,media anual,oficial,País,España,"Número anual de visitantes no residentes, turistas y excursionistas.",2026-07-10,FRONTUR; dato base anual.
2025,Turismo,FRONTUR,visitantes_internacionales_total,Visitantes internacionales total,INE - FRONTUR tabla 23981,144037701,https://ine.es/jaxiT3/Tabla.htm?t=23981,personas,2025,Anual,media anual,oficial,País,España,"Número anual de visitantes no residentes, turistas y excursionistas.",2026-07-10,FRONTUR; dato base anual.
2018,Vivienda,Alquiler,indice_precio_alquiler,Índice precio alquiler,INE - IPVA tabla 59057,106.25,https://ine.es/jaxiT3/Tabla.htm?t=59057,índice base 2015=100,2018,Anual,media anual,oficial,País,España,"Índice de precios de vivienda en alquiler, total nacional.",2026-07-10,"IPVA; territorio fiscal común, no incluye País Vasco ni Navarra según notas del INE."
2018,Vivienda,Alquiler,indice_precio_alquiler,Índice precio alquiler,INE - IPVA tabla 59057,105.96,https://ine.es/jaxiT3/Tabla.htm?t=59057,índice base 2015=100,2018,Anual,media anual,oficial,País,España,"Índice de precios de vivienda en alquiler, total nacional.",2026-07-10,"IPVA; territorio fiscal común, no incluye País Vasco ni Navarra según notas del INE."
2018,Vivienda,Alquiler,indice_precio_alquiler,Índice precio alquiler,INE - IPVA tabla 59057,104.2,https://ine.es/jaxiT3/Tabla.htm?t=59057,índice base 2015=100,2018,Anual,media anual,oficial,País,España,"Índice de precios de vivienda en alquiler, total nacional.",2026-07-10,"IPVA; territorio fiscal común, no incluye País Vasco ni Navarra según notas del INE."
2018,Vivienda,Alquiler,indice_precio_alquiler,Índice precio alquiler,INE - IPVA tabla 59057,103.4,https://ine.es/jaxiT3/Tabla.htm?t=59057,índice base 2015=100,2018,Anual,media anual,oficial,País,España,"Índice de precios de vivienda en alquiler, total nacional.",2026-07-10,"IPVA; territorio fiscal común, no incluye País Vasco ni Navarra según notas del INE."
2018,Vivienda,Alquiler,indice_precio_alquiler,Índice precio alquiler,INE - IPVA tabla 59057,109.22,https://ine.es/jaxiT3/Tabla.htm?t=59057,índice base 2015=100,2018,Anual,media anual,oficial,País,España,"Índice de precios de vivienda en alquiler, total nacional.",2026-07-10,"IPVA; territorio fiscal común, no incluye País Vasco ni Navarra según notas del INE."
2018,Vivienda,Alquiler,indice_precio_alquiler,Índice precio alquiler,INE - IPVA tabla 59057,107.05,https://ine.es/jaxiT3/Tabla.htm?t=59057,índice base 2015=100,2018,Anual,media anual,oficial,País,España,"Índice de precios de vivienda en alquiler, total nacional.",2026-07-10,"IPVA; territorio fiscal común, no incluye País Vasco ni Navarra según notas del INE."
2018,Vivienda,Alquiler,indice_precio_alquiler,Índice precio alquiler,INE - IPVA tabla 59057,104.36,https://ine.es/jaxiT3/Tabla.htm?t=59057,índice base 2015=100,2018,Anual,media anual,oficial,País,España,"Índice de precios de vivienda en alquiler, total nacional.",2026-07-10,"IPVA; territorio fiscal común, no incluye País Vasco ni Navarra según notas del INE."
2018,Vivienda,Alquiler,indice_precio_alquiler,Índice precio alquiler,INE - IPVA tabla 59057,103.97,https://ine.es/jaxiT3/Tabla.htm?t=59057,índice base 2015=100,2018,Anual,media anual,oficial,País,España,"Índice de precios de vivienda en alquiler, total nacional.",2026-07-10,"IPVA; territorio fiscal común, no incluye País Vasco ni Navarra según notas del INE."
2018,Vivienda,Alquiler,indice_precio_alquiler,Índice precio alquiler,INE - IPVA tabla 59057,104.8,https://ine.es/jaxiT3/Tabla.htm?t=59057,índice base 2015=100,2018,Anual,media anual,oficial,País,España,"Índice de precios de vivienda en alquiler, total nacional.",2026-07-10,"IPVA; territorio fiscal común, no incluye País Vasco ni Navarra según notas del INE."
2018,Vivienda,Alquiler,indice_precio_alquiler,Índice precio alquiler,INE - IPVA tabla 59057,107.31,https://ine.es/jaxiT3/Tabla.htm?t=59057,índice base 2015=100,2018,Anual,media anual,oficial,País,España,"Índice de precios de vivienda en alquiler, total nacional.",2026-07-10,"IPVA; territorio fiscal común, no incluye País Vasco ni Navarra según notas del INE."
2018,Vivienda,Alquiler,indice_precio_alquiler,Índice precio alquiler,INE - IPVA tabla 59057,105.97,https://ine.es/jaxiT3/Tabla.htm?t=59057,índice base 2015=100,2018,Anual,media anual,oficial,País,España,"Índice de precios de vivienda en alquiler, total nacional.",2026-07-10,"IPVA; territorio fiscal común, no incluye País Vasco ni Navarra según notas del INE."
2018,Vivienda,Alquiler,indice_precio_alquiler,Índice precio alquiler,INE - IPVA tabla 59057,103.9,https://ine.es/jaxiT3/Tabla.htm?t=59057,índice base 2015=100,2018,Anual,media anual,oficial,País,España,"Índice de precios de vivienda en alquiler, total nacional.",2026-07-10,"IPVA; territorio fiscal común, no incluye País Vasco ni Navarra según notas del INE."
2018,Vivienda,Alquiler,indice_precio_alquiler,Índice precio alquiler,INE - IPVA tabla 59057,102.85,https://ine.es/jaxiT3/Tabla.htm?t=59057,índice base 2015=100,2018,Anual,media anual,oficial,País,España,"Índice de precios de vivienda en alquiler, total nacional.",2026-07-10,"IPVA; territorio fiscal común, no incluye País Vasco ni Navarra según notas del INE."
2018,Vivienda,Alquiler,indice_precio_alquiler,Índice precio alquiler,INE - IPVA tabla 59057,106.49,https://ine.es/jaxiT3/Tabla.htm?t=59057,índice base 2015=100,2018,Anual,media anual,oficial,País,España,"Índice de precios de vivienda en alquiler, total nacional.",2026-07-10,"IPVA; territorio fiscal común, no incluye País Vasco ni Navarra según notas del INE."
2018,Vivienda,Alquiler,indice_precio_alquiler,Índice precio alquiler,INE - IPVA tabla 59057,104.95,https://ine.es/jaxiT3/Tabla.htm?t=59057,índice base 2015=100,2018,Anual,media anual,oficial,País,España,"Índice de precios de vivienda en alquiler, total nacional.",2026-07-10,"IPVA; territorio fiscal común, no incluye País Vasco ni Navarra según notas del INE."
2018,Vivienda,Alquiler,indice_precio_alquiler,Índice precio alquiler,INE - IPVA tabla 59057,104.6,https://ine.es/jaxiT3/Tabla.htm?t=59057,índice base 2015=100,2018,Anual,media anual,oficial,País,España,"Índice de precios de vivienda en alquiler, total nacional.",2026-07-10,"IPVA; territorio fiscal común, no incluye País Vasco ni Navarra según notas del INE."
2018,Vivienda,Alquiler,indice_precio_alquiler,Índice precio alquiler,INE - IPVA tabla 59057,103.85,https://ine.es/jaxiT3/Tabla.htm?t=59057,índice base 2015=100,2018,Anual,media anual,oficial,País,España,"Índice de precios de vivienda en alquiler, total nacional.",2026-07-10,"IPVA; territorio fiscal común, no incluye País Vasco ni Navarra según notas del INE."
2018,Vivienda,Alquiler,indice_precio_alquiler,Índice precio alquiler,INE - IPVA tabla 59057,103.2,https://ine.es/jaxiT3/Tabla.htm?t=59057,índice base 2015=100,2018,Anual,media anual,oficial,País,España,"Índice de precios de vivienda en alquiler, total nacional.",2026-07-10,"IPVA; territorio fiscal común, no incluye País Vasco ni Navarra según notas del INE."
2019,Vivienda,Alquiler,indice_precio_alquiler,Índice precio alquiler,INE - IPVA tabla 59057,110,https://ine.es/jaxiT3/Tabla.htm?t=59057,índice base 2015=100,2019,Anual,media anual,oficial,País,España,"Índice de precios de vivienda en alquiler, total nacional.",2026-07-10,"IPVA; territorio fiscal común, no incluye País Vasco ni Navarra según notas del INE."
2019,Vivienda,Alquiler,indice_precio_alquiler,Índice precio alquiler,INE - IPVA tabla 59057,109.59,https://ine.es/jaxiT3/Tabla.htm?t=59057,índice base 2015=100,2019,Anual,media anual,oficial,País,España,"Índice de precios de vivienda en alquiler, total nacional.",2026-07-10,"IPVA; territorio fiscal común, no incluye País Vasco ni Navarra según notas del INE."
2019,Vivienda,Alquiler,indice_precio_alquiler,Índice precio alquiler,INE - IPVA tabla 59057,107.39,https://ine.es/jaxiT3/Tabla.htm?t=59057,índice base 2015=100,2019,Anual,media anual,oficial,País,España,"Índice de precios de vivienda en alquiler, total nacional.",2026-07-10,"IPVA; territorio fiscal común, no incluye País Vasco ni Navarra según notas del INE."
2019,Vivienda,Alquiler,indice_precio_alquiler,Índice precio alquiler,INE - IPVA tabla 59057,105.52,https://ine.es/jaxiT3/Tabla.htm?t=59057,índice base 2015=100,2019,Anual,media anual,oficial,País,España,"Índice de precios de vivienda en alquiler, total nacional.",2026-07-10,"IPVA; territorio fiscal común, no incluye País Vasco ni Navarra según notas del INE."
2019,Vivienda,Alquiler,indice_precio_alquiler,Índice precio alquiler,INE - IPVA tabla 59057,113.47,https://ine.es/jaxiT3/Tabla.htm?t=59057,índice base 2015=100,2019,Anual,media anual,oficial,País,España,"Índice de precios de vivienda en alquiler, total nacional.",2026-07-10,"IPVA; territorio fiscal común, no incluye País Vasco ni Navarra según notas del INE."
2019,Vivienda,Alquiler,indice_precio_alquiler,Índice precio alquiler,INE - IPVA tabla 59057,110.73,https://ine.es/jaxiT3/Tabla.htm?t=59057,índice base 2015=100,2019,Anual,media anual,oficial,País,España,"Índice de precios de vivienda en alquiler, total nacional.",2026-07-10,"IPVA; territorio fiscal común, no incluye País Vasco ni Navarra según notas del INE."
2019,Vivienda,Alquiler,indice_precio_alquiler,Índice precio alquiler,INE - IPVA tabla 59057,106.72,https://ine.es/jaxiT3/Tabla.htm?t=59057,índice base 2015=100,2019,Anual,media anual,oficial,País,España,"Índice de precios de vivienda en alquiler, total nacional.",2026-07-10,"IPVA; territorio fiscal común, no incluye País Vasco ni Navarra según notas del INE."
2019,Vivienda,Alquiler,indice_precio_alquiler,Índice precio alquiler,INE - IPVA tabla 59057,106.22,https://ine.es/jaxiT3/Tabla.htm?t=59057,índice base 2015=100,2019,Anual,media anual,oficial,País,España,"Índice de precios de vivienda en alquiler, total nacional.",2026-07-10,"IPVA; territorio fiscal común, no incluye País Vasco ni Navarra según notas del INE."
2019,Vivienda,Alquiler,indice_precio_alquiler,Índice precio alquiler,INE - IPVA tabla 59057,108.39,https://ine.es/jaxiT3/Tabla.htm?t=59057,índice base 2015=100,2019,Anual,media anual,oficial,País,España,"Índice de precios de vivienda en alquiler, total nacional.",2026-07-10,"IPVA; territorio fiscal común, no incluye País Vasco ni Navarra según notas del INE."
2019,Vivienda,Alquiler,indice_precio_alquiler,Índice precio alquiler,INE - IPVA tabla 59057,111.17,https://ine.es/jaxiT3/Tabla.htm?t=59057,índice base 2015=100,2019,Anual,media anual,oficial,País,España,"Índice de precios de vivienda en alquiler, total nacional.",2026-07-10,"IPVA; territorio fiscal común, no incluye País Vasco ni Navarra según notas del INE."
2019,Vivienda,Alquiler,indice_precio_alquiler,Índice precio alquiler,INE - IPVA tabla 59057,110.09,https://ine.es/jaxiT3/Tabla.htm?t=59057,índice base 2015=100,2019,Anual,media anual,oficial,País,España,"Índice de precios de vivienda en alquiler, total nacional.",2026-07-10,"IPVA; territorio fiscal común, no incluye País Vasco ni Navarra según notas del INE."
2019,Vivienda,Alquiler,indice_precio_alquiler,Índice precio alquiler,INE - IPVA tabla 59057,106.39,https://ine.es/jaxiT3/Tabla.htm?t=59057,índice base 2015=100,2019,Anual,media anual,oficial,País,España,"Índice de precios de vivienda en alquiler, total nacional.",2026-07-10,"IPVA; territorio fiscal común, no incluye País Vasco ni Navarra según notas del INE."
2019,Vivienda,Alquiler,indice_precio_alquiler,Índice precio alquiler,INE - IPVA tabla 59057,105.5,https://ine.es/jaxiT3/Tabla.htm?t=59057,índice base 2015=100,2019,Anual,media anual,oficial,País,España,"Índice de precios de vivienda en alquiler, total nacional.",2026-07-10,"IPVA; territorio fiscal común, no incluye País Vasco ni Navarra según notas del INE."
2019,Vivienda,Alquiler,indice_precio_alquiler,Índice precio alquiler,INE - IPVA tabla 59057,110.72,https://ine.es/jaxiT3/Tabla.htm?t=59057,índice base 2015=100,2019,Anual,media anual,oficial,País,España,"Índice de precios de vivienda en alquiler, total nacional.",2026-07-10,"IPVA; territorio fiscal común, no incluye País Vasco ni Navarra según notas del INE."
2019,Vivienda,Alquiler,indice_precio_alquiler,Índice precio alquiler,INE - IPVA tabla 59057,108.06,https://ine.es/jaxiT3/Tabla.htm?t=59057,índice base 2015=100,2019,Anual,media anual,oficial,País,España,"Índice de precios de vivienda en alquiler, total nacional.",2026-07-10,"IPVA; territorio fiscal común, no incluye País Vasco ni Navarra según notas del INE."
2019,Vivienda,Alquiler,indice_precio_alquiler,Índice precio alquiler,INE - IPVA tabla 59057,107.51,https://ine.es/jaxiT3/Tabla.htm?t=59057,índice base 2015=100,2019,Anual,media anual,oficial,País,España,"Índice de precios de vivienda en alquiler, total nacional.",2026-07-10,"IPVA; territorio fiscal común, no incluye País Vasco ni Navarra según notas del INE."
2019,Vivienda,Alquiler,indice_precio_alquiler,Índice precio alquiler,INE - IPVA tabla 59057,105.42,https://ine.es/jaxiT3/Tabla.htm?t=59057,índice base 2015=100,2019,Anual,media anual,oficial,País,España,"Índice de precios de vivienda en alquiler, total nacional.",2026-07-10,"IPVA; territorio fiscal común, no incluye País Vasco ni Navarra según notas del INE."
2019,Vivienda,Alquiler,indice_precio_alquiler,Índice precio alquiler,INE - IPVA tabla 59057,104.31,https://ine.es/jaxiT3/Tabla.htm?t=59057,índice base 2015=100,2019,Anual,media anual,oficial,País,España,"Índice de precios de vivienda en alquiler, total nacional.",2026-07-10,"IPVA; territorio fiscal común, no incluye País Vasco ni Navarra según notas del INE."
2020,Vivienda,Alquiler,indice_precio_alquiler,Índice precio alquiler,INE - IPVA tabla 59057,110.94,https://ine.es/jaxiT3/Tabla.htm?t=59057,índice base 2015=100,2020,Anual,media anual,oficial,País,España,"Índice de precios de vivienda en alquiler, total nacional.",2026-07-10,"IPVA; territorio fiscal común, no incluye País Vasco ni Navarra según notas del INE."
2020,Vivienda,Alquiler,indice_precio_alquiler,Índice precio alquiler,INE - IPVA tabla 59057,110.37,https://ine.es/jaxiT3/Tabla.htm?t=59057,índice base 2015=100,2020,Anual,media anual,oficial,País,España,"Índice de precios de vivienda en alquiler, total nacional.",2026-07-10,"IPVA; territorio fiscal común, no incluye País Vasco ni Navarra según notas del INE."
2020,Vivienda,Alquiler,indice_precio_alquiler,Índice precio alquiler,INE - IPVA tabla 59057,108.54,https://ine.es/jaxiT3/Tabla.htm?t=59057,índice base 2015=100,2020,Anual,media anual,oficial,País,España,"Índice de precios de vivienda en alquiler, total nacional.",2026-07-10,"IPVA; territorio fiscal común, no incluye País Vasco ni Navarra según notas del INE."
2020,Vivienda,Alquiler,indice_precio_alquiler,Índice precio alquiler,INE - IPVA tabla 59057,106.45,https://ine.es/jaxiT3/Tabla.htm?t=59057,índice base 2015=100,2020,Anual,media anual,oficial,País,España,"Índice de precios de vivienda en alquiler, total nacional.",2026-07-10,"IPVA; territorio fiscal común, no incluye País Vasco ni Navarra según notas del INE."
2020,Vivienda,Alquiler,indice_precio_alquiler,Índice precio alquiler,INE - IPVA tabla 59057,113.26,https://ine.es/jaxiT3/Tabla.htm?t=59057,índice base 2015=100,2020,Anual,media anual,oficial,País,España,"Índice de precios de vivienda en alquiler, total nacional.",2026-07-10,"IPVA; territorio fiscal común, no incluye País Vasco ni Navarra según notas del INE."
2020,Vivienda,Alquiler,indice_precio_alquiler,Índice precio alquiler,INE - IPVA tabla 59057,110.99,https://ine.es/jaxiT3/Tabla.htm?t=59057,índice base 2015=100,2020,Anual,media anual,oficial,País,España,"Índice de precios de vivienda en alquiler, total nacional.",2026-07-10,"IPVA; territorio fiscal común, no incluye País Vasco ni Navarra según notas del INE."
2020,Vivienda,Alquiler,indice_precio_alquiler,Índice precio alquiler,INE - IPVA tabla 59057,107.7,https://ine.es/jaxiT3/Tabla.htm?t=59057,índice base 2015=100,2020,Anual,media anual,oficial,País,España,"Índice de precios de vivienda en alquiler, total nacional.",2026-07-10,"IPVA; territorio fiscal común, no incluye País Vasco ni Navarra según notas del INE."
2020,Vivienda,Alquiler,indice_precio_alquiler,Índice precio alquiler,INE - IPVA tabla 59057,107.01,https://ine.es/jaxiT3/Tabla.htm?t=59057,índice base 2015=100,2020,Anual,media anual,oficial,País,España,"Índice de precios de vivienda en alquiler, total nacional.",2026-07-10,"IPVA; territorio fiscal común, no incluye País Vasco ni Navarra según notas del INE."
2020,Vivienda,Alquiler,indice_precio_alquiler,Índice precio alquiler,INE - IPVA tabla 59057,110.11,https://ine.es/jaxiT3/Tabla.htm?t=59057,índice base 2015=100,2020,Anual,media anual,oficial,País,España,"Índice de precios de vivienda en alquiler, total nacional.",2026-07-10,"IPVA; territorio fiscal común, no incluye País Vasco ni Navarra según notas del INE."
2020,Vivienda,Alquiler,indice_precio_alquiler,Índice precio alquiler,INE - IPVA tabla 59057,112.36,https://ine.es/jaxiT3/Tabla.htm?t=59057,índice base 2015=100,2020,Anual,media anual,oficial,País,España,"Índice de precios de vivienda en alquiler, total nacional.",2026-07-10,"IPVA; territorio fiscal común, no incluye País Vasco ni Navarra según notas del INE."
2020,Vivienda,Alquiler,indice_precio_alquiler,Índice precio alquiler,INE - IPVA tabla 59057,111.73,https://ine.es/jaxiT3/Tabla.htm?t=59057,índice base 2015=100,2020,Anual,media anual,oficial,País,España,"Índice de precios de vivienda en alquiler, total nacional.",2026-07-10,"IPVA; territorio fiscal común, no incluye País Vasco ni Navarra según notas del INE."
2020,Vivienda,Alquiler,indice_precio_alquiler,Índice precio alquiler,INE - IPVA tabla 59057,107.38,https://ine.es/jaxiT3/Tabla.htm?t=59057,índice base 2015=100,2020,Anual,media anual,oficial,País,España,"Índice de precios de vivienda en alquiler, total nacional.",2026-07-10,"IPVA; territorio fiscal común, no incluye País Vasco ni Navarra según notas del INE."
2020,Vivienda,Alquiler,indice_precio_alquiler,Índice precio alquiler,INE - IPVA tabla 59057,106.73,https://ine.es/jaxiT3/Tabla.htm?t=59057,índice base 2015=100,2020,Anual,media anual,oficial,País,España,"Índice de precios de vivienda en alquiler, total nacional.",2026-07-10,"IPVA; territorio fiscal común, no incluye País Vasco ni Navarra según notas del INE."
2020,Vivienda,Alquiler,indice_precio_alquiler,Índice precio alquiler,INE - IPVA tabla 59057,111.43,https://ine.es/jaxiT3/Tabla.htm?t=59057,índice base 2015=100,2020,Anual,media anual,oficial,País,España,"Índice de precios de vivienda en alquiler, total nacional.",2026-07-10,"IPVA; territorio fiscal común, no incluye País Vasco ni Navarra según notas del INE."
2020,Vivienda,Alquiler,indice_precio_alquiler,Índice precio alquiler,INE - IPVA tabla 59057,109.42,https://ine.es/jaxiT3/Tabla.htm?t=59057,índice base 2015=100,2020,Anual,media anual,oficial,País,España,"Índice de precios de vivienda en alquiler, total nacional.",2026-07-10,"IPVA; territorio fiscal común, no incluye País Vasco ni Navarra según notas del INE."
2020,Vivienda,Alquiler,indice_precio_alquiler,Índice precio alquiler,INE - IPVA tabla 59057,108.71,https://ine.es/jaxiT3/Tabla.htm?t=59057,índice base 2015=100,2020,Anual,media anual,oficial,País,España,"Índice de precios de vivienda en alquiler, total nacional.",2026-07-10,"IPVA; territorio fiscal común, no incluye País Vasco ni Navarra según notas del INE."
2020,Vivienda,Alquiler,indice_precio_alquiler,Índice precio alquiler,INE - IPVA tabla 59057,105.38,https://ine.es/jaxiT3/Tabla.htm?t=59057,índice base 2015=100,2020,Anual,media anual,oficial,País,España,"Índice de precios de vivienda en alquiler, total nacional.",2026-07-10,"IPVA; territorio fiscal común, no incluye País Vasco ni Navarra según notas del INE."
2020,Vivienda,Alquiler,indice_precio_alquiler,Índice precio alquiler,INE - IPVA tabla 59057,105.09,https://ine.es/jaxiT3/Tabla.htm?t=59057,índice base 2015=100,2020,Anual,media anual,oficial,País,España,"Índice de precios de vivienda en alquiler, total nacional.",2026-07-10,"IPVA; territorio fiscal común, no incluye País Vasco ni Navarra según notas del INE."
2021,Vivienda,Alquiler,indice_precio_alquiler,Índice precio alquiler,INE - IPVA tabla 59057,112.69,https://ine.es/jaxiT3/Tabla.htm?t=59057,índice base 2015=100,2021,Anual,media anual,oficial,País,España,"Índice de precios de vivienda en alquiler, total nacional.",2026-07-10,"IPVA; territorio fiscal común, no incluye País Vasco ni Navarra según notas del INE."
2021,Vivienda,Alquiler,indice_precio_alquiler,Índice precio alquiler,INE - IPVA tabla 59057,112.47,https://ine.es/jaxiT3/Tabla.htm?t=59057,índice base 2015=100,2021,Anual,media anual,oficial,País,España,"Índice de precios de vivienda en alquiler, total nacional.",2026-07-10,"IPVA; territorio fiscal común, no incluye País Vasco ni Navarra según notas del INE."
2021,Vivienda,Alquiler,indice_precio_alquiler,Índice precio alquiler,INE - IPVA tabla 59057,110.74,https://ine.es/jaxiT3/Tabla.htm?t=59057,índice base 2015=100,2021,Anual,media anual,oficial,País,España,"Índice de precios de vivienda en alquiler, total nacional.",2026-07-10,"IPVA; territorio fiscal común, no incluye País Vasco ni Navarra según notas del INE."
2021,Vivienda,Alquiler,indice_precio_alquiler,Índice precio alquiler,INE - IPVA tabla 59057,108,https://ine.es/jaxiT3/Tabla.htm?t=59057,índice base 2015=100,2021,Anual,media anual,oficial,País,España,"Índice de precios de vivienda en alquiler, total nacional.",2026-07-10,"IPVA; territorio fiscal común, no incluye País Vasco ni Navarra según notas del INE."
2021,Vivienda,Alquiler,indice_precio_alquiler,Índice precio alquiler,INE - IPVA tabla 59057,115.75,https://ine.es/jaxiT3/Tabla.htm?t=59057,índice base 2015=100,2021,Anual,media anual,oficial,País,España,"Índice de precios de vivienda en alquiler, total nacional.",2026-07-10,"IPVA; territorio fiscal común, no incluye País Vasco ni Navarra según notas del INE."
2021,Vivienda,Alquiler,indice_precio_alquiler,Índice precio alquiler,INE - IPVA tabla 59057,112.98,https://ine.es/jaxiT3/Tabla.htm?t=59057,índice base 2015=100,2021,Anual,media anual,oficial,País,España,"Índice de precios de vivienda en alquiler, total nacional.",2026-07-10,"IPVA; territorio fiscal común, no incluye País Vasco ni Navarra según notas del INE."
2021,Vivienda,Alquiler,indice_precio_alquiler,Índice precio alquiler,INE - IPVA tabla 59057,109.83,https://ine.es/jaxiT3/Tabla.htm?t=59057,índice base 2015=100,2021,Anual,media anual,oficial,País,España,"Índice de precios de vivienda en alquiler, total nacional.",2026-07-10,"IPVA; territorio fiscal común, no incluye País Vasco ni Navarra según notas del INE."
2021,Vivienda,Alquiler,indice_precio_alquiler,Índice precio alquiler,INE - IPVA tabla 59057,108.86,https://ine.es/jaxiT3/Tabla.htm?t=59057,índice base 2015=100,2021,Anual,media anual,oficial,País,España,"Índice de precios de vivienda en alquiler, total nacional.",2026-07-10,"IPVA; territorio fiscal común, no incluye País Vasco ni Navarra según notas del INE."
2021,Vivienda,Alquiler,indice_precio_alquiler,Índice precio alquiler,INE - IPVA tabla 59057,112.73,https://ine.es/jaxiT3/Tabla.htm?t=59057,índice base 2015=100,2021,Anual,media anual,oficial,País,España,"Índice de precios de vivienda en alquiler, total nacional.",2026-07-10,"IPVA; territorio fiscal común, no incluye País Vasco ni Navarra según notas del INE."
2021,Vivienda,Alquiler,indice_precio_alquiler,Índice precio alquiler,INE - IPVA tabla 59057,113.88,https://ine.es/jaxiT3/Tabla.htm?t=59057,índice base 2015=100,2021,Anual,media anual,oficial,País,España,"Índice de precios de vivienda en alquiler, total nacional.",2026-07-10,"IPVA; territorio fiscal común, no incluye País Vasco ni Navarra según notas del INE."
2021,Vivienda,Alquiler,indice_precio_alquiler,Índice precio alquiler,INE - IPVA tabla 59057,114.68,https://ine.es/jaxiT3/Tabla.htm?t=59057,índice base 2015=100,2021,Anual,media anual,oficial,País,España,"Índice de precios de vivienda en alquiler, total nacional.",2026-07-10,"IPVA; territorio fiscal común, no incluye País Vasco ni Navarra según notas del INE."
2021,Vivienda,Alquiler,indice_precio_alquiler,Índice precio alquiler,INE - IPVA tabla 59057,109.24,https://ine.es/jaxiT3/Tabla.htm?t=59057,índice base 2015=100,2021,Anual,media anual,oficial,País,España,"Índice de precios de vivienda en alquiler, total nacional.",2026-07-10,"IPVA; territorio fiscal común, no incluye País Vasco ni Navarra según notas del INE."
2021,Vivienda,Alquiler,indice_precio_alquiler,Índice precio alquiler,INE - IPVA tabla 59057,108.89,https://ine.es/jaxiT3/Tabla.htm?t=59057,índice base 2015=100,2021,Anual,media anual,oficial,País,España,"Índice de precios de vivienda en alquiler, total nacional.",2026-07-10,"IPVA; territorio fiscal común, no incluye País Vasco ni Navarra según notas del INE."
2021,Vivienda,Alquiler,indice_precio_alquiler,Índice precio alquiler,INE - IPVA tabla 59057,112.54,https://ine.es/jaxiT3/Tabla.htm?t=59057,índice base 2015=100,2021,Anual,media anual,oficial,País,España,"Índice de precios de vivienda en alquiler, total nacional.",2026-07-10,"IPVA; territorio fiscal común, no incluye País Vasco ni Navarra según notas del INE."
2021,Vivienda,Alquiler,indice_precio_alquiler,Índice precio alquiler,INE - IPVA tabla 59057,111.98,https://ine.es/jaxiT3/Tabla.htm?t=59057,índice base 2015=100,2021,Anual,media anual,oficial,País,España,"Índice de precios de vivienda en alquiler, total nacional.",2026-07-10,"IPVA; territorio fiscal común, no incluye País Vasco ni Navarra según notas del INE."
2021,Vivienda,Alquiler,indice_precio_alquiler,Índice precio alquiler,INE - IPVA tabla 59057,110.65,https://ine.es/jaxiT3/Tabla.htm?t=59057,índice base 2015=100,2021,Anual,media anual,oficial,País,España,"Índice de precios de vivienda en alquiler, total nacional.",2026-07-10,"IPVA; territorio fiscal común, no incluye País Vasco ni Navarra según notas del INE."
2021,Vivienda,Alquiler,indice_precio_alquiler,Índice precio alquiler,INE - IPVA tabla 59057,106.88,https://ine.es/jaxiT3/Tabla.htm?t=59057,índice base 2015=100,2021,Anual,media anual,oficial,País,España,"Índice de precios de vivienda en alquiler, total nacional.",2026-07-10,"IPVA; territorio fiscal común, no incluye País Vasco ni Navarra según notas del INE."
2021,Vivienda,Alquiler,indice_precio_alquiler,Índice precio alquiler,INE - IPVA tabla 59057,105.8,https://ine.es/jaxiT3/Tabla.htm?t=59057,índice base 2015=100,2021,Anual,media anual,oficial,País,España,"Índice de precios de vivienda en alquiler, total nacional.",2026-07-10,"IPVA; territorio fiscal común, no incluye País Vasco ni Navarra según notas del INE."
2022,Vivienda,Alquiler,indice_precio_alquiler,Índice precio alquiler,INE - IPVA tabla 59057,115.68,https://ine.es/jaxiT3/Tabla.htm?t=59057,índice base 2015=100,2022,Anual,media anual,oficial,País,España,"Índice de precios de vivienda en alquiler, total nacional.",2026-07-10,"IPVA; territorio fiscal común, no incluye País Vasco ni Navarra según notas del INE."
2022,Vivienda,Alquiler,indice_precio_alquiler,Índice precio alquiler,INE - IPVA tabla 59057,115.57,https://ine.es/jaxiT3/Tabla.htm?t=59057,índice base 2015=100,2022,Anual,media anual,oficial,País,España,"Índice de precios de vivienda en alquiler, total nacional.",2026-07-10,"IPVA; territorio fiscal común, no incluye País Vasco ni Navarra según notas del INE."
2022,Vivienda,Alquiler,indice_precio_alquiler,Índice precio alquiler,INE - IPVA tabla 59057,113.57,https://ine.es/jaxiT3/Tabla.htm?t=59057,índice base 2015=100,2022,Anual,media anual,oficial,País,España,"Índice de precios de vivienda en alquiler, total nacional.",2026-07-10,"IPVA; territorio fiscal común, no incluye País Vasco ni Navarra según notas del INE."
2022,Vivienda,Alquiler,indice_precio_alquiler,Índice precio alquiler,INE - IPVA tabla 59057,109.91,https://ine.es/jaxiT3/Tabla.htm?t=59057,índice base 2015=100,2022,Anual,media anual,oficial,País,España,"Índice de precios de vivienda en alquiler, total nacional.",2026-07-10,"IPVA; territorio fiscal común, no incluye País Vasco ni Navarra según notas del INE."
2022,Vivienda,Alquiler,indice_precio_alquiler,Índice precio alquiler,INE - IPVA tabla 59057,120.01,https://ine.es/jaxiT3/Tabla.htm?t=59057,índice base 2015=100,2022,Anual,media anual,oficial,País,España,"Índice de precios de vivienda en alquiler, total nacional.",2026-07-10,"IPVA; territorio fiscal común, no incluye País Vasco ni Navarra según notas del INE."
2022,Vivienda,Alquiler,indice_precio_alquiler,Índice precio alquiler,INE - IPVA tabla 59057,116.33,https://ine.es/jaxiT3/Tabla.htm?t=59057,índice base 2015=100,2022,Anual,media anual,oficial,País,España,"Índice de precios de vivienda en alquiler, total nacional.",2026-07-10,"IPVA; territorio fiscal común, no incluye País Vasco ni Navarra según notas del INE."
2022,Vivienda,Alquiler,indice_precio_alquiler,Índice precio alquiler,INE - IPVA tabla 59057,112.43,https://ine.es/jaxiT3/Tabla.htm?t=59057,índice base 2015=100,2022,Anual,media anual,oficial,País,España,"Índice de precios de vivienda en alquiler, total nacional.",2026-07-10,"IPVA; territorio fiscal común, no incluye País Vasco ni Navarra según notas del INE."
2022,Vivienda,Alquiler,indice_precio_alquiler,Índice precio alquiler,INE - IPVA tabla 59057,111.04,https://ine.es/jaxiT3/Tabla.htm?t=59057,índice base 2015=100,2022,Anual,media anual,oficial,País,España,"Índice de precios de vivienda en alquiler, total nacional.",2026-07-10,"IPVA; territorio fiscal común, no incluye País Vasco ni Navarra según notas del INE."
2022,Vivienda,Alquiler,indice_precio_alquiler,Índice precio alquiler,INE - IPVA tabla 59057,115.74,https://ine.es/jaxiT3/Tabla.htm?t=59057,índice base 2015=100,2022,Anual,media anual,oficial,País,España,"Índice de precios de vivienda en alquiler, total nacional.",2026-07-10,"IPVA; territorio fiscal común, no incluye País Vasco ni Navarra según notas del INE."
2022,Vivienda,Alquiler,indice_precio_alquiler,Índice precio alquiler,INE - IPVA tabla 59057,116.79,https://ine.es/jaxiT3/Tabla.htm?t=59057,índice base 2015=100,2022,Anual,media anual,oficial,País,España,"Índice de precios de vivienda en alquiler, total nacional.",2026-07-10,"IPVA; territorio fiscal común, no incluye País Vasco ni Navarra según notas del INE."
2022,Vivienda,Alquiler,indice_precio_alquiler,Índice precio alquiler,INE - IPVA tabla 59057,118.72,https://ine.es/jaxiT3/Tabla.htm?t=59057,índice base 2015=100,2022,Anual,media anual,oficial,País,España,"Índice de precios de vivienda en alquiler, total nacional.",2026-07-10,"IPVA; territorio fiscal común, no incluye País Vasco ni Navarra según notas del INE."
2022,Vivienda,Alquiler,indice_precio_alquiler,Índice precio alquiler,INE - IPVA tabla 59057,111.72,https://ine.es/jaxiT3/Tabla.htm?t=59057,índice base 2015=100,2022,Anual,media anual,oficial,País,España,"Índice de precios de vivienda en alquiler, total nacional.",2026-07-10,"IPVA; territorio fiscal común, no incluye País Vasco ni Navarra según notas del INE."
2022,Vivienda,Alquiler,indice_precio_alquiler,Índice precio alquiler,INE - IPVA tabla 59057,111.65,https://ine.es/jaxiT3/Tabla.htm?t=59057,índice base 2015=100,2022,Anual,media anual,oficial,País,España,"Índice de precios de vivienda en alquiler, total nacional.",2026-07-10,"IPVA; territorio fiscal común, no incluye País Vasco ni Navarra según notas del INE."
2022,Vivienda,Alquiler,indice_precio_alquiler,Índice precio alquiler,INE - IPVA tabla 59057,115.29,https://ine.es/jaxiT3/Tabla.htm?t=59057,índice base 2015=100,2022,Anual,media anual,oficial,País,España,"Índice de precios de vivienda en alquiler, total nacional.",2026-07-10,"IPVA; territorio fiscal común, no incluye País Vasco ni Navarra según notas del INE."
2022,Vivienda,Alquiler,indice_precio_alquiler,Índice precio alquiler,INE - IPVA tabla 59057,114.9,https://ine.es/jaxiT3/Tabla.htm?t=59057,índice base 2015=100,2022,Anual,media anual,oficial,País,España,"Índice de precios de vivienda en alquiler, total nacional.",2026-07-10,"IPVA; territorio fiscal común, no incluye País Vasco ni Navarra según notas del INE."
2022,Vivienda,Alquiler,indice_precio_alquiler,Índice precio alquiler,INE - IPVA tabla 59057,113.42,https://ine.es/jaxiT3/Tabla.htm?t=59057,índice base 2015=100,2022,Anual,media anual,oficial,País,España,"Índice de precios de vivienda en alquiler, total nacional.",2026-07-10,"IPVA; territorio fiscal común, no incluye País Vasco ni Navarra según notas del INE."
2022,Vivienda,Alquiler,indice_precio_alquiler,Índice precio alquiler,INE - IPVA tabla 59057,107.68,https://ine.es/jaxiT3/Tabla.htm?t=59057,índice base 2015=100,2022,Anual,media anual,oficial,País,España,"Índice de precios de vivienda en alquiler, total nacional.",2026-07-10,"IPVA; territorio fiscal común, no incluye País Vasco ni Navarra según notas del INE."
2022,Vivienda,Alquiler,indice_precio_alquiler,Índice precio alquiler,INE - IPVA tabla 59057,107.01,https://ine.es/jaxiT3/Tabla.htm?t=59057,índice base 2015=100,2022,Anual,media anual,oficial,País,España,"Índice de precios de vivienda en alquiler, total nacional.",2026-07-10,"IPVA; territorio fiscal común, no incluye País Vasco ni Navarra según notas del INE."
2023,Vivienda,Alquiler,indice_precio_alquiler,Índice precio alquiler,INE - IPVA tabla 59057,118.73,https://ine.es/jaxiT3/Tabla.htm?t=59057,índice base 2015=100,2023,Anual,media anual,oficial,País,España,"Índice de precios de vivienda en alquiler, total nacional.",2026-07-10,"IPVA; territorio fiscal común, no incluye País Vasco ni Navarra según notas del INE."
2023,Vivienda,Alquiler,indice_precio_alquiler,Índice precio alquiler,INE - IPVA tabla 59057,118.53,https://ine.es/jaxiT3/Tabla.htm?t=59057,índice base 2015=100,2023,Anual,media anual,oficial,País,España,"Índice de precios de vivienda en alquiler, total nacional.",2026-07-10,"IPVA; territorio fiscal común, no incluye País Vasco ni Navarra según notas del INE."
2023,Vivienda,Alquiler,indice_precio_alquiler,Índice precio alquiler,INE - IPVA tabla 59057,116.21,https://ine.es/jaxiT3/Tabla.htm?t=59057,índice base 2015=100,2023,Anual,media anual,oficial,País,España,"Índice de precios de vivienda en alquiler, total nacional.",2026-07-10,"IPVA; territorio fiscal común, no incluye País Vasco ni Navarra según notas del INE."
2023,Vivienda,Alquiler,indice_precio_alquiler,Índice precio alquiler,INE - IPVA tabla 59057,111.92,https://ine.es/jaxiT3/Tabla.htm?t=59057,índice base 2015=100,2023,Anual,media anual,oficial,País,España,"Índice de precios de vivienda en alquiler, total nacional.",2026-07-10,"IPVA; territorio fiscal común, no incluye País Vasco ni Navarra según notas del INE."
2023,Vivienda,Alquiler,indice_precio_alquiler,Índice precio alquiler,INE - IPVA tabla 59057,123.91,https://ine.es/jaxiT3/Tabla.htm?t=59057,índice base 2015=100,2023,Anual,media anual,oficial,País,España,"Índice de precios de vivienda en alquiler, total nacional.",2026-07-10,"IPVA; territorio fiscal común, no incluye País Vasco ni Navarra según notas del INE."
2023,Vivienda,Alquiler,indice_precio_alquiler,Índice precio alquiler,INE - IPVA tabla 59057,119.54,https://ine.es/jaxiT3/Tabla.htm?t=59057,índice base 2015=100,2023,Anual,media anual,oficial,País,España,"Índice de precios de vivienda en alquiler, total nacional.",2026-07-10,"IPVA; territorio fiscal común, no incluye País Vasco ni Navarra según notas del INE."
2023,Vivienda,Alquiler,indice_precio_alquiler,Índice precio alquiler,INE - IPVA tabla 59057,115.13,https://ine.es/jaxiT3/Tabla.htm?t=59057,índice base 2015=100,2023,Anual,media anual,oficial,País,España,"Índice de precios de vivienda en alquiler, total nacional.",2026-07-10,"IPVA; territorio fiscal común, no incluye País Vasco ni Navarra según notas del INE."
2023,Vivienda,Alquiler,indice_precio_alquiler,Índice precio alquiler,INE - IPVA tabla 59057,113.23,https://ine.es/jaxiT3/Tabla.htm?t=59057,índice base 2015=100,2023,Anual,media anual,oficial,País,España,"Índice de precios de vivienda en alquiler, total nacional.",2026-07-10,"IPVA; territorio fiscal común, no incluye País Vasco ni Navarra según notas del INE."
2023,Vivienda,Alquiler,indice_precio_alquiler,Índice precio alquiler,INE - IPVA tabla 59057,118.78,https://ine.es/jaxiT3/Tabla.htm?t=59057,índice base 2015=100,2023,Anual,media anual,oficial,País,España,"Índice de precios de vivienda en alquiler, total nacional.",2026-07-10,"IPVA; territorio fiscal común, no incluye País Vasco ni Navarra según notas del INE."
2023,Vivienda,Alquiler,indice_precio_alquiler,Índice precio alquiler,INE - IPVA tabla 59057,119.85,https://ine.es/jaxiT3/Tabla.htm?t=59057,índice base 2015=100,2023,Anual,media anual,oficial,País,España,"Índice de precios de vivienda en alquiler, total nacional.",2026-07-10,"IPVA; territorio fiscal común, no incluye País Vasco ni Navarra según notas del INE."
2023,Vivienda,Alquiler,indice_precio_alquiler,Índice precio alquiler,INE - IPVA tabla 59057,123.02,https://ine.es/jaxiT3/Tabla.htm?t=59057,índice base 2015=100,2023,Anual,media anual,oficial,País,España,"Índice de precios de vivienda en alquiler, total nacional.",2026-07-10,"IPVA; territorio fiscal común, no incluye País Vasco ni Navarra según notas del INE."
2023,Vivienda,Alquiler,indice_precio_alquiler,Índice precio alquiler,INE - IPVA tabla 59057,114.09,https://ine.es/jaxiT3/Tabla.htm?t=59057,índice base 2015=100,2023,Anual,media anual,oficial,País,España,"Índice de precios de vivienda en alquiler, total nacional.",2026-07-10,"IPVA; territorio fiscal común, no incluye País Vasco ni Navarra según notas del INE."
2023,Vivienda,Alquiler,indice_precio_alquiler,Índice precio alquiler,INE - IPVA tabla 59057,114.3,https://ine.es/jaxiT3/Tabla.htm?t=59057,índice base 2015=100,2023,Anual,media anual,oficial,País,España,"Índice de precios de vivienda en alquiler, total nacional.",2026-07-10,"IPVA; territorio fiscal común, no incluye País Vasco ni Navarra según notas del INE."
2023,Vivienda,Alquiler,indice_precio_alquiler,Índice precio alquiler,INE - IPVA tabla 59057,118.18,https://ine.es/jaxiT3/Tabla.htm?t=59057,índice base 2015=100,2023,Anual,media anual,oficial,País,España,"Índice de precios de vivienda en alquiler, total nacional.",2026-07-10,"IPVA; territorio fiscal común, no incluye País Vasco ni Navarra según notas del INE."
2023,Vivienda,Alquiler,indice_precio_alquiler,Índice precio alquiler,INE - IPVA tabla 59057,117.66,https://ine.es/jaxiT3/Tabla.htm?t=59057,índice base 2015=100,2023,Anual,media anual,oficial,País,España,"Índice de precios de vivienda en alquiler, total nacional.",2026-07-10,"IPVA; territorio fiscal común, no incluye País Vasco ni Navarra según notas del INE."
2023,Vivienda,Alquiler,indice_precio_alquiler,Índice precio alquiler,INE - IPVA tabla 59057,116,https://ine.es/jaxiT3/Tabla.htm?t=59057,índice base 2015=100,2023,Anual,media anual,oficial,País,España,"Índice de precios de vivienda en alquiler, total nacional.",2026-07-10,"IPVA; territorio fiscal común, no incluye País Vasco ni Navarra según notas del INE."
2023,Vivienda,Alquiler,indice_precio_alquiler,Índice precio alquiler,INE - IPVA tabla 59057,108.54,https://ine.es/jaxiT3/Tabla.htm?t=59057,índice base 2015=100,2023,Anual,media anual,oficial,País,España,"Índice de precios de vivienda en alquiler, total nacional.",2026-07-10,"IPVA; territorio fiscal común, no incluye País Vasco ni Navarra según notas del INE."
2023,Vivienda,Alquiler,indice_precio_alquiler,Índice precio alquiler,INE - IPVA tabla 59057,107.43,https://ine.es/jaxiT3/Tabla.htm?t=59057,índice base 2015=100,2023,Anual,media anual,oficial,País,España,"Índice de precios de vivienda en alquiler, total nacional.",2026-07-10,"IPVA; territorio fiscal común, no incluye País Vasco ni Navarra según notas del INE."
2024,Vivienda,Alquiler,indice_precio_alquiler,Índice precio alquiler,INE - IPVA tabla 59057,122.92,https://ine.es/jaxiT3/Tabla.htm?t=59057,índice base 2015=100,2024,Anual,media anual,oficial,País,España,"Índice de precios de vivienda en alquiler, total nacional.",2026-07-10,"IPVA; territorio fiscal común, no incluye País Vasco ni Navarra según notas del INE."
2024,Vivienda,Alquiler,indice_precio_alquiler,Índice precio alquiler,INE - IPVA tabla 59057,123.03,https://ine.es/jaxiT3/Tabla.htm?t=59057,índice base 2015=100,2024,Anual,media anual,oficial,País,España,"Índice de precios de vivienda en alquiler, total nacional.",2026-07-10,"IPVA; territorio fiscal común, no incluye País Vasco ni Navarra según notas del INE."
2024,Vivienda,Alquiler,indice_precio_alquiler,Índice precio alquiler,INE - IPVA tabla 59057,119.91,https://ine.es/jaxiT3/Tabla.htm?t=59057,índice base 2015=100,2024,Anual,media anual,oficial,País,España,"Índice de precios de vivienda en alquiler, total nacional.",2026-07-10,"IPVA; territorio fiscal común, no incluye País Vasco ni Navarra según notas del INE."
2024,Vivienda,Alquiler,indice_precio_alquiler,Índice precio alquiler,INE - IPVA tabla 59057,114.92,https://ine.es/jaxiT3/Tabla.htm?t=59057,índice base 2015=100,2024,Anual,media anual,oficial,País,España,"Índice de precios de vivienda en alquiler, total nacional.",2026-07-10,"IPVA; territorio fiscal común, no incluye País Vasco ni Navarra según notas del INE."
2024,Vivienda,Alquiler,indice_precio_alquiler,Índice precio alquiler,INE - IPVA tabla 59057,128.81,https://ine.es/jaxiT3/Tabla.htm?t=59057,índice base 2015=100,2024,Anual,media anual,oficial,País,España,"Índice de precios de vivienda en alquiler, total nacional.",2026-07-10,"IPVA; territorio fiscal común, no incluye País Vasco ni Navarra según notas del INE."
2024,Vivienda,Alquiler,indice_precio_alquiler,Índice precio alquiler,INE - IPVA tabla 59057,124.01,https://ine.es/jaxiT3/Tabla.htm?t=59057,índice base 2015=100,2024,Anual,media anual,oficial,País,España,"Índice de precios de vivienda en alquiler, total nacional.",2026-07-10,"IPVA; territorio fiscal común, no incluye País Vasco ni Navarra según notas del INE."
2024,Vivienda,Alquiler,indice_precio_alquiler,Índice precio alquiler,INE - IPVA tabla 59057,118.98,https://ine.es/jaxiT3/Tabla.htm?t=59057,índice base 2015=100,2024,Anual,media anual,oficial,País,España,"Índice de precios de vivienda en alquiler, total nacional.",2026-07-10,"IPVA; territorio fiscal común, no incluye País Vasco ni Navarra según notas del INE."
2024,Vivienda,Alquiler,indice_precio_alquiler,Índice precio alquiler,INE - IPVA tabla 59057,116.66,https://ine.es/jaxiT3/Tabla.htm?t=59057,índice base 2015=100,2024,Anual,media anual,oficial,País,España,"Índice de precios de vivienda en alquiler, total nacional.",2026-07-10,"IPVA; territorio fiscal común, no incluye País Vasco ni Navarra según notas del INE."
2024,Vivienda,Alquiler,indice_precio_alquiler,Índice precio alquiler,INE - IPVA tabla 59057,123.07,https://ine.es/jaxiT3/Tabla.htm?t=59057,índice base 2015=100,2024,Anual,media anual,oficial,País,España,"Índice de precios de vivienda en alquiler, total nacional.",2026-07-10,"IPVA; territorio fiscal común, no incluye País Vasco ni Navarra según notas del INE."
2024,Vivienda,Alquiler,indice_precio_alquiler,Índice precio alquiler,INE - IPVA tabla 59057,123.56,https://ine.es/jaxiT3/Tabla.htm?t=59057,índice base 2015=100,2024,Anual,media anual,oficial,País,España,"Índice de precios de vivienda en alquiler, total nacional.",2026-07-10,"IPVA; territorio fiscal común, no incluye País Vasco ni Navarra según notas del INE."
2024,Vivienda,Alquiler,indice_precio_alquiler,Índice precio alquiler,INE - IPVA tabla 59057,129.2,https://ine.es/jaxiT3/Tabla.htm?t=59057,índice base 2015=100,2024,Anual,media anual,oficial,País,España,"Índice de precios de vivienda en alquiler, total nacional.",2026-07-10,"IPVA; territorio fiscal común, no incluye País Vasco ni Navarra según notas del INE."
2024,Vivienda,Alquiler,indice_precio_alquiler,Índice precio alquiler,INE - IPVA tabla 59057,117.85,https://ine.es/jaxiT3/Tabla.htm?t=59057,índice base 2015=100,2024,Anual,media anual,oficial,País,España,"Índice de precios de vivienda en alquiler, total nacional.",2026-07-10,"IPVA; territorio fiscal común, no incluye País Vasco ni Navarra según notas del INE."
2024,Vivienda,Alquiler,indice_precio_alquiler,Índice precio alquiler,INE - IPVA tabla 59057,118.21,https://ine.es/jaxiT3/Tabla.htm?t=59057,índice base 2015=100,2024,Anual,media anual,oficial,País,España,"Índice de precios de vivienda en alquiler, total nacional.",2026-07-10,"IPVA; territorio fiscal común, no incluye País Vasco ni Navarra según notas del INE."
2024,Vivienda,Alquiler,indice_precio_alquiler,Índice precio alquiler,INE - IPVA tabla 59057,122.25,https://ine.es/jaxiT3/Tabla.htm?t=59057,índice base 2015=100,2024,Anual,media anual,oficial,País,España,"Índice de precios de vivienda en alquiler, total nacional.",2026-07-10,"IPVA; territorio fiscal común, no incluye País Vasco ni Navarra según notas del INE."
2024,Vivienda,Alquiler,indice_precio_alquiler,Índice precio alquiler,INE - IPVA tabla 59057,121.61,https://ine.es/jaxiT3/Tabla.htm?t=59057,índice base 2015=100,2024,Anual,media anual,oficial,País,España,"Índice de precios de vivienda en alquiler, total nacional.",2026-07-10,"IPVA; territorio fiscal común, no incluye País Vasco ni Navarra según notas del INE."
2024,Vivienda,Alquiler,indice_precio_alquiler,Índice precio alquiler,INE - IPVA tabla 59057,119.62,https://ine.es/jaxiT3/Tabla.htm?t=59057,índice base 2015=100,2024,Anual,media anual,oficial,País,España,"Índice de precios de vivienda en alquiler, total nacional.",2026-07-10,"IPVA; territorio fiscal común, no incluye País Vasco ni Navarra según notas del INE."
2024,Vivienda,Alquiler,indice_precio_alquiler,Índice precio alquiler,INE - IPVA tabla 59057,110.19,https://ine.es/jaxiT3/Tabla.htm?t=59057,índice base 2015=100,2024,Anual,media anual,oficial,País,España,"Índice de precios de vivienda en alquiler, total nacional.",2026-07-10,"IPVA; territorio fiscal común, no incluye País Vasco ni Navarra según notas del INE."
2024,Vivienda,Alquiler,indice_precio_alquiler,Índice precio alquiler,INE - IPVA tabla 59057,108.77,https://ine.es/jaxiT3/Tabla.htm?t=59057,índice base 2015=100,2024,Anual,media anual,oficial,País,España,"Índice de precios de vivienda en alquiler, total nacional.",2026-07-10,"IPVA; territorio fiscal común, no incluye País Vasco ni Navarra según notas del INE."
2018,Vivienda,Alquiler,variacion_precio_alquiler,Variación precio alquiler,INE - IPVA tabla 59057,2.6,https://ine.es/jaxiT3/Tabla.htm?t=59057,%,2018,Anual,media anual,oficial,País,España,Variación anual del índice de precios de vivienda en alquiler.,2026-07-10,"IPVA; territorio fiscal común, no incluye País Vasco ni Navarra según notas del INE."
2018,Vivienda,Alquiler,variacion_precio_alquiler,Variación precio alquiler,INE - IPVA tabla 59057,2.3,https://ine.es/jaxiT3/Tabla.htm?t=59057,%,2018,Anual,media anual,oficial,País,España,Variación anual del índice de precios de vivienda en alquiler.,2026-07-10,"IPVA; territorio fiscal común, no incluye País Vasco ni Navarra según notas del INE."
2018,Vivienda,Alquiler,variacion_precio_alquiler,Variación precio alquiler,INE - IPVA tabla 59057,2,https://ine.es/jaxiT3/Tabla.htm?t=59057,%,2018,Anual,media anual,oficial,País,España,Variación anual del índice de precios de vivienda en alquiler.,2026-07-10,"IPVA; territorio fiscal común, no incluye País Vasco ni Navarra según notas del INE."
2018,Vivienda,Alquiler,variacion_precio_alquiler,Variación precio alquiler,INE - IPVA tabla 59057,1.2,https://ine.es/jaxiT3/Tabla.htm?t=59057,%,2018,Anual,media anual,oficial,País,España,Variación anual del índice de precios de vivienda en alquiler.,2026-07-10,"IPVA; territorio fiscal común, no incluye País Vasco ni Navarra según notas del INE."
2018,Vivienda,Alquiler,variacion_precio_alquiler,Variación precio alquiler,INE - IPVA tabla 59057,4,https://ine.es/jaxiT3/Tabla.htm?t=59057,%,2018,Anual,media anual,oficial,País,España,Variación anual del índice de precios de vivienda en alquiler.,2026-07-10,"IPVA; territorio fiscal común, no incluye País Vasco ni Navarra según notas del INE."
2018,Vivienda,Alquiler,variacion_precio_alquiler,Variación precio alquiler,INE - IPVA tabla 59057,2.6,https://ine.es/jaxiT3/Tabla.htm?t=59057,%,2018,Anual,media anual,oficial,País,España,Variación anual del índice de precios de vivienda en alquiler.,2026-07-10,"IPVA; territorio fiscal común, no incluye País Vasco ni Navarra según notas del INE."
2018,Vivienda,Alquiler,variacion_precio_alquiler,Variación precio alquiler,INE - IPVA tabla 59057,1.3,https://ine.es/jaxiT3/Tabla.htm?t=59057,%,2018,Anual,media anual,oficial,País,España,Variación anual del índice de precios de vivienda en alquiler.,2026-07-10,"IPVA; territorio fiscal común, no incluye País Vasco ni Navarra según notas del INE."
2018,Vivienda,Alquiler,variacion_precio_alquiler,Variación precio alquiler,INE - IPVA tabla 59057,1.4,https://ine.es/jaxiT3/Tabla.htm?t=59057,%,2018,Anual,media anual,oficial,País,España,Variación anual del índice de precios de vivienda en alquiler.,2026-07-10,"IPVA; territorio fiscal común, no incluye País Vasco ni Navarra según notas del INE."
2018,Vivienda,Alquiler,variacion_precio_alquiler,Variación precio alquiler,INE - IPVA tabla 59057,1.9,https://ine.es/jaxiT3/Tabla.htm?t=59057,%,2018,Anual,media anual,oficial,País,España,Variación anual del índice de precios de vivienda en alquiler.,2026-07-10,"IPVA; territorio fiscal común, no incluye País Vasco ni Navarra según notas del INE."
2018,Vivienda,Alquiler,variacion_precio_alquiler,Variación precio alquiler,INE - IPVA tabla 59057,3.3,https://ine.es/jaxiT3/Tabla.htm?t=59057,%,2018,Anual,media anual,oficial,País,España,Variación anual del índice de precios de vivienda en alquiler.,2026-07-10,"IPVA; territorio fiscal común, no incluye País Vasco ni Navarra según notas del INE."
2018,Vivienda,Alquiler,variacion_precio_alquiler,Variación precio alquiler,INE - IPVA tabla 59057,2.5,https://ine.es/jaxiT3/Tabla.htm?t=59057,%,2018,Anual,media anual,oficial,País,España,Variación anual del índice de precios de vivienda en alquiler.,2026-07-10,"IPVA; territorio fiscal común, no incluye País Vasco ni Navarra según notas del INE."
2018,Vivienda,Alquiler,variacion_precio_alquiler,Variación precio alquiler,INE - IPVA tabla 59057,1.3,https://ine.es/jaxiT3/Tabla.htm?t=59057,%,2018,Anual,media anual,oficial,País,España,Variación anual del índice de precios de vivienda en alquiler.,2026-07-10,"IPVA; territorio fiscal común, no incluye País Vasco ni Navarra según notas del INE."
2018,Vivienda,Alquiler,variacion_precio_alquiler,Variación precio alquiler,INE - IPVA tabla 59057,1.1,https://ine.es/jaxiT3/Tabla.htm?t=59057,%,2018,Anual,media anual,oficial,País,España,Variación anual del índice de precios de vivienda en alquiler.,2026-07-10,"IPVA; territorio fiscal común, no incluye País Vasco ni Navarra según notas del INE."
2018,Vivienda,Alquiler,variacion_precio_alquiler,Variación precio alquiler,INE - IPVA tabla 59057,2.7,https://ine.es/jaxiT3/Tabla.htm?t=59057,%,2018,Anual,media anual,oficial,País,España,Variación anual del índice de precios de vivienda en alquiler.,2026-07-10,"IPVA; territorio fiscal común, no incluye País Vasco ni Navarra según notas del INE."
2018,Vivienda,Alquiler,variacion_precio_alquiler,Variación precio alquiler,INE - IPVA tabla 59057,2.1,https://ine.es/jaxiT3/Tabla.htm?t=59057,%,2018,Anual,media anual,oficial,País,España,Variación anual del índice de precios de vivienda en alquiler.,2026-07-10,"IPVA; territorio fiscal común, no incluye País Vasco ni Navarra según notas del INE."
2018,Vivienda,Alquiler,variacion_precio_alquiler,Variación precio alquiler,INE - IPVA tabla 59057,1.5,https://ine.es/jaxiT3/Tabla.htm?t=59057,%,2018,Anual,media anual,oficial,País,España,Variación anual del índice de precios de vivienda en alquiler.,2026-07-10,"IPVA; territorio fiscal común, no incluye País Vasco ni Navarra según notas del INE."
2018,Vivienda,Alquiler,variacion_precio_alquiler,Variación precio alquiler,INE - IPVA tabla 59057,1.2,https://ine.es/jaxiT3/Tabla.htm?t=59057,%,2018,Anual,media anual,oficial,País,España,Variación anual del índice de precios de vivienda en alquiler.,2026-07-10,"IPVA; territorio fiscal común, no incluye País Vasco ni Navarra según notas del INE."
2018,Vivienda,Alquiler,variacion_precio_alquiler,Variación precio alquiler,INE - IPVA tabla 59057,1.3,https://ine.es/jaxiT3/Tabla.htm?t=59057,%,2018,Anual,media anual,oficial,País,España,Variación anual del índice de precios de vivienda en alquiler.,2026-07-10,"IPVA; territorio fiscal común, no incluye País Vasco ni Navarra según notas del INE."
2019,Vivienda,Alquiler,variacion_precio_alquiler,Variación precio alquiler,INE - IPVA tabla 59057,3.5,https://ine.es/jaxiT3/Tabla.htm?t=59057,%,2019,Anual,media anual,oficial,País,España,Variación anual del índice de precios de vivienda en alquiler.,2026-07-10,"IPVA; territorio fiscal común, no incluye País Vasco ni Navarra según notas del INE."
2019,Vivienda,Alquiler,variacion_precio_alquiler,Variación precio alquiler,INE - IPVA tabla 59057,3.4,https://ine.es/jaxiT3/Tabla.htm?t=59057,%,2019,Anual,media anual,oficial,País,España,Variación anual del índice de precios de vivienda en alquiler.,2026-07-10,"IPVA; territorio fiscal común, no incluye País Vasco ni Navarra según notas del INE."
2019,Vivienda,Alquiler,variacion_precio_alquiler,Variación precio alquiler,INE - IPVA tabla 59057,3.1,https://ine.es/jaxiT3/Tabla.htm?t=59057,%,2019,Anual,media anual,oficial,País,España,Variación anual del índice de precios de vivienda en alquiler.,2026-07-10,"IPVA; territorio fiscal común, no incluye País Vasco ni Navarra según notas del INE."
2019,Vivienda,Alquiler,variacion_precio_alquiler,Variación precio alquiler,INE - IPVA tabla 59057,2.1,https://ine.es/jaxiT3/Tabla.htm?t=59057,%,2019,Anual,media anual,oficial,País,España,Variación anual del índice de precios de vivienda en alquiler.,2026-07-10,"IPVA; territorio fiscal común, no incluye País Vasco ni Navarra según notas del INE."
2019,Vivienda,Alquiler,variacion_precio_alquiler,Variación precio alquiler,INE - IPVA tabla 59057,3.9,https://ine.es/jaxiT3/Tabla.htm?t=59057,%,2019,Anual,media anual,oficial,País,España,Variación anual del índice de precios de vivienda en alquiler.,2026-07-10,"IPVA; territorio fiscal común, no incluye País Vasco ni Navarra según notas del INE."
2019,Vivienda,Alquiler,variacion_precio_alquiler,Variación precio alquiler,INE - IPVA tabla 59057,3.4,https://ine.es/jaxiT3/Tabla.htm?t=59057,%,2019,Anual,media anual,oficial,País,España,Variación anual del índice de precios de vivienda en alquiler.,2026-07-10,"IPVA; territorio fiscal común, no incluye País Vasco ni Navarra según notas del INE."
2019,Vivienda,Alquiler,variacion_precio_alquiler,Variación precio alquiler,INE - IPVA tabla 59057,2.3,https://ine.es/jaxiT3/Tabla.htm?t=59057,%,2019,Anual,media anual,oficial,País,España,Variación anual del índice de precios de vivienda en alquiler.,2026-07-10,"IPVA; territorio fiscal común, no incluye País Vasco ni Navarra según notas del INE."
2019,Vivienda,Alquiler,variacion_precio_alquiler,Variación precio alquiler,INE - IPVA tabla 59057,2.2,https://ine.es/jaxiT3/Tabla.htm?t=59057,%,2019,Anual,media anual,oficial,País,España,Variación anual del índice de precios de vivienda en alquiler.,2026-07-10,"IPVA; territorio fiscal común, no incluye País Vasco ni Navarra según notas del INE."
2019,Vivienda,Alquiler,variacion_precio_alquiler,Variación precio alquiler,INE - IPVA tabla 59057,3.4,https://ine.es/jaxiT3/Tabla.htm?t=59057,%,2019,Anual,media anual,oficial,País,España,Variación anual del índice de precios de vivienda en alquiler.,2026-07-10,"IPVA; territorio fiscal común, no incluye País Vasco ni Navarra según notas del INE."
2019,Vivienda,Alquiler,variacion_precio_alquiler,Variación precio alquiler,INE - IPVA tabla 59057,3.6,https://ine.es/jaxiT3/Tabla.htm?t=59057,%,2019,Anual,media anual,oficial,País,España,Variación anual del índice de precios de vivienda en alquiler.,2026-07-10,"IPVA; territorio fiscal común, no incluye País Vasco ni Navarra según notas del INE."
2019,Vivienda,Alquiler,variacion_precio_alquiler,Variación precio alquiler,INE - IPVA tabla 59057,3.9,https://ine.es/jaxiT3/Tabla.htm?t=59057,%,2019,Anual,media anual,oficial,País,España,Variación anual del índice de precios de vivienda en alquiler.,2026-07-10,"IPVA; territorio fiscal común, no incluye País Vasco ni Navarra según notas del INE."
2019,Vivienda,Alquiler,variacion_precio_alquiler,Variación precio alquiler,INE - IPVA tabla 59057,2.4,https://ine.es/jaxiT3/Tabla.htm?t=59057,%,2019,Anual,media anual,oficial,País,España,Variación anual del índice de precios de vivienda en alquiler.,2026-07-10,"IPVA; territorio fiscal común, no incluye País Vasco ni Navarra según notas del INE."
2019,Vivienda,Alquiler,variacion_precio_alquiler,Variación precio alquiler,INE - IPVA tabla 59057,2.6,https://ine.es/jaxiT3/Tabla.htm?t=59057,%,2019,Anual,media anual,oficial,País,España,Variación anual del índice de precios de vivienda en alquiler.,2026-07-10,"IPVA; territorio fiscal común, no incluye País Vasco ni Navarra según notas del INE."
2019,Vivienda,Alquiler,variacion_precio_alquiler,Variación precio alquiler,INE - IPVA tabla 59057,4,https://ine.es/jaxiT3/Tabla.htm?t=59057,%,2019,Anual,media anual,oficial,País,España,Variación anual del índice de precios de vivienda en alquiler.,2026-07-10,"IPVA; territorio fiscal común, no incluye País Vasco ni Navarra según notas del INE."
2019,Vivienda,Alquiler,variacion_precio_alquiler,Variación precio alquiler,INE - IPVA tabla 59057,3,https://ine.es/jaxiT3/Tabla.htm?t=59057,%,2019,Anual,media anual,oficial,País,España,Variación anual del índice de precios de vivienda en alquiler.,2026-07-10,"IPVA; territorio fiscal común, no incluye País Vasco ni Navarra según notas del INE."
2019,Vivienda,Alquiler,variacion_precio_alquiler,Variación precio alquiler,INE - IPVA tabla 59057,2.8,https://ine.es/jaxiT3/Tabla.htm?t=59057,%,2019,Anual,media anual,oficial,País,España,Variación anual del índice de precios de vivienda en alquiler.,2026-07-10,"IPVA; territorio fiscal común, no incluye País Vasco ni Navarra según notas del INE."
2019,Vivienda,Alquiler,variacion_precio_alquiler,Variación precio alquiler,INE - IPVA tabla 59057,1.5,https://ine.es/jaxiT3/Tabla.htm?t=59057,%,2019,Anual,media anual,oficial,País,España,Variación anual del índice de precios de vivienda en alquiler.,2026-07-10,"IPVA; territorio fiscal común, no incluye País Vasco ni Navarra según notas del INE."
2019,Vivienda,Alquiler,variacion_precio_alquiler,Variación precio alquiler,INE - IPVA tabla 59057,1.1,https://ine.es/jaxiT3/Tabla.htm?t=59057,%,2019,Anual,media anual,oficial,País,España,Variación anual del índice de precios de vivienda en alquiler.,2026-07-10,"IPVA; territorio fiscal común, no incluye País Vasco ni Navarra según notas del INE."
2020,Vivienda,Alquiler,variacion_precio_alquiler,Variación precio alquiler,INE - IPVA tabla 59057,0.9,https://ine.es/jaxiT3/Tabla.htm?t=59057,%,2020,Anual,media anual,oficial,País,España,Variación anual del índice de precios de vivienda en alquiler.,2026-07-10,"IPVA; territorio fiscal común, no incluye País Vasco ni Navarra según notas del INE."
2020,Vivienda,Alquiler,variacion_precio_alquiler,Variación precio alquiler,INE - IPVA tabla 59057,0.7,https://ine.es/jaxiT3/Tabla.htm?t=59057,%,2020,Anual,media anual,oficial,País,España,Variación anual del índice de precios de vivienda en alquiler.,2026-07-10,"IPVA; territorio fiscal común, no incluye País Vasco ni Navarra según notas del INE."
2020,Vivienda,Alquiler,variacion_precio_alquiler,Variación precio alquiler,INE - IPVA tabla 59057,1.1,https://ine.es/jaxiT3/Tabla.htm?t=59057,%,2020,Anual,media anual,oficial,País,España,Variación anual del índice de precios de vivienda en alquiler.,2026-07-10,"IPVA; territorio fiscal común, no incluye País Vasco ni Navarra según notas del INE."
2020,Vivienda,Alquiler,variacion_precio_alquiler,Variación precio alquiler,INE - IPVA tabla 59057,0.9,https://ine.es/jaxiT3/Tabla.htm?t=59057,%,2020,Anual,media anual,oficial,País,España,Variación anual del índice de precios de vivienda en alquiler.,2026-07-10,"IPVA; territorio fiscal común, no incluye País Vasco ni Navarra según notas del INE."
2020,Vivienda,Alquiler,variacion_precio_alquiler,Variación precio alquiler,INE - IPVA tabla 59057,-0.2,https://ine.es/jaxiT3/Tabla.htm?t=59057,%,2020,Anual,media anual,oficial,País,España,Variación anual del índice de precios de vivienda en alquiler.,2026-07-10,"IPVA; territorio fiscal común, no incluye País Vasco ni Navarra según notas del INE."
2020,Vivienda,Alquiler,variacion_precio_alquiler,Variación precio alquiler,INE - IPVA tabla 59057,0.2,https://ine.es/jaxiT3/Tabla.htm?t=59057,%,2020,Anual,media anual,oficial,País,España,Variación anual del índice de precios de vivienda en alquiler.,2026-07-10,"IPVA; territorio fiscal común, no incluye País Vasco ni Navarra según notas del INE."
2020,Vivienda,Alquiler,variacion_precio_alquiler,Variación precio alquiler,INE - IPVA tabla 59057,0.9,https://ine.es/jaxiT3/Tabla.htm?t=59057,%,2020,Anual,media anual,oficial,País,España,Variación anual del índice de precios de vivienda en alquiler.,2026-07-10,"IPVA; territorio fiscal común, no incluye País Vasco ni Navarra según notas del INE."
2020,Vivienda,Alquiler,variacion_precio_alquiler,Variación precio alquiler,INE - IPVA tabla 59057,0.7,https://ine.es/jaxiT3/Tabla.htm?t=59057,%,2020,Anual,media anual,oficial,País,España,Variación anual del índice de precios de vivienda en alquiler.,2026-07-10,"IPVA; territorio fiscal común, no incluye País Vasco ni Navarra según notas del INE."
2020,Vivienda,Alquiler,variacion_precio_alquiler,Variación precio alquiler,INE - IPVA tabla 59057,1.6,https://ine.es/jaxiT3/Tabla.htm?t=59057,%,2020,Anual,media anual,oficial,País,España,Variación anual del índice de precios de vivienda en alquiler.,2026-07-10,"IPVA; territorio fiscal común, no incluye País Vasco ni Navarra según notas del INE."
2020,Vivienda,Alquiler,variacion_precio_alquiler,Variación precio alquiler,INE - IPVA tabla 59057,1.1,https://ine.es/jaxiT3/Tabla.htm?t=59057,%,2020,Anual,media anual,oficial,País,España,Variación anual del índice de precios de vivienda en alquiler.,2026-07-10,"IPVA; territorio fiscal común, no incluye País Vasco ni Navarra según notas del INE."
2020,Vivienda,Alquiler,variacion_precio_alquiler,Variación precio alquiler,INE - IPVA tabla 59057,1.5,https://ine.es/jaxiT3/Tabla.htm?t=59057,%,2020,Anual,media anual,oficial,País,España,Variación anual del índice de precios de vivienda en alquiler.,2026-07-10,"IPVA; territorio fiscal común, no incluye País Vasco ni Navarra según notas del INE."
2020,Vivienda,Alquiler,variacion_precio_alquiler,Variación precio alquiler,INE - IPVA tabla 59057,0.9,https://ine.es/jaxiT3/Tabla.htm?t=59057,%,2020,Anual,media anual,oficial,País,España,Variación anual del índice de precios de vivienda en alquiler.,2026-07-10,"IPVA; territorio fiscal común, no incluye País Vasco ni Navarra según notas del INE."
2020,Vivienda,Alquiler,variacion_precio_alquiler,Variación precio alquiler,INE - IPVA tabla 59057,1.2,https://ine.es/jaxiT3/Tabla.htm?t=59057,%,2020,Anual,media anual,oficial,País,España,Variación anual del índice de precios de vivienda en alquiler.,2026-07-10,"IPVA; territorio fiscal común, no incluye País Vasco ni Navarra según notas del INE."
2020,Vivienda,Alquiler,variacion_precio_alquiler,Variación precio alquiler,INE - IPVA tabla 59057,0.6,https://ine.es/jaxiT3/Tabla.htm?t=59057,%,2020,Anual,media anual,oficial,País,España,Variación anual del índice de precios de vivienda en alquiler.,2026-07-10,"IPVA; territorio fiscal común, no incluye País Vasco ni Navarra según notas del INE."
2020,Vivienda,Alquiler,variacion_precio_alquiler,Variación precio alquiler,INE - IPVA tabla 59057,1.3,https://ine.es/jaxiT3/Tabla.htm?t=59057,%,2020,Anual,media anual,oficial,País,España,Variación anual del índice de precios de vivienda en alquiler.,2026-07-10,"IPVA; territorio fiscal común, no incluye País Vasco ni Navarra según notas del INE."
2020,Vivienda,Alquiler,variacion_precio_alquiler,Variación precio alquiler,INE - IPVA tabla 59057,1.1,https://ine.es/jaxiT3/Tabla.htm?t=59057,%,2020,Anual,media anual,oficial,País,España,Variación anual del índice de precios de vivienda en alquiler.,2026-07-10,"IPVA; territorio fiscal común, no incluye País Vasco ni Navarra según notas del INE."
2020,Vivienda,Alquiler,variacion_precio_alquiler,Variación precio alquiler,INE - IPVA tabla 59057,0,https://ine.es/jaxiT3/Tabla.htm?t=59057,%,2020,Anual,media anual,oficial,País,España,Variación anual del índice de precios de vivienda en alquiler.,2026-07-10,"IPVA; territorio fiscal común, no incluye País Vasco ni Navarra según notas del INE."
2020,Vivienda,Alquiler,variacion_precio_alquiler,Variación precio alquiler,INE - IPVA tabla 59057,0.7,https://ine.es/jaxiT3/Tabla.htm?t=59057,%,2020,Anual,media anual,oficial,País,España,Variación anual del índice de precios de vivienda en alquiler.,2026-07-10,"IPVA; territorio fiscal común, no incluye País Vasco ni Navarra según notas del INE."
2021,Vivienda,Alquiler,variacion_precio_alquiler,Variación precio alquiler,INE - IPVA tabla 59057,1.6,https://ine.es/jaxiT3/Tabla.htm?t=59057,%,2021,Anual,media anual,oficial,País,España,Variación anual del índice de precios de vivienda en alquiler.,2026-07-10,"IPVA; territorio fiscal común, no incluye País Vasco ni Navarra según notas del INE."
2021,Vivienda,Alquiler,variacion_precio_alquiler,Variación precio alquiler,INE - IPVA tabla 59057,1.9,https://ine.es/jaxiT3/Tabla.htm?t=59057,%,2021,Anual,media anual,oficial,País,España,Variación anual del índice de precios de vivienda en alquiler.,2026-07-10,"IPVA; territorio fiscal común, no incluye País Vasco ni Navarra según notas del INE."
2021,Vivienda,Alquiler,variacion_precio_alquiler,Variación precio alquiler,INE - IPVA tabla 59057,2,https://ine.es/jaxiT3/Tabla.htm?t=59057,%,2021,Anual,media anual,oficial,País,España,Variación anual del índice de precios de vivienda en alquiler.,2026-07-10,"IPVA; territorio fiscal común, no incluye País Vasco ni Navarra según notas del INE."
2021,Vivienda,Alquiler,variacion_precio_alquiler,Variación precio alquiler,INE - IPVA tabla 59057,1.5,https://ine.es/jaxiT3/Tabla.htm?t=59057,%,2021,Anual,media anual,oficial,País,España,Variación anual del índice de precios de vivienda en alquiler.,2026-07-10,"IPVA; territorio fiscal común, no incluye País Vasco ni Navarra según notas del INE."
2021,Vivienda,Alquiler,variacion_precio_alquiler,Variación precio alquiler,INE - IPVA tabla 59057,2.2,https://ine.es/jaxiT3/Tabla.htm?t=59057,%,2021,Anual,media anual,oficial,País,España,Variación anual del índice de precios de vivienda en alquiler.,2026-07-10,"IPVA; territorio fiscal común, no incluye País Vasco ni Navarra según notas del INE."
2021,Vivienda,Alquiler,variacion_precio_alquiler,Variación precio alquiler,INE - IPVA tabla 59057,1.8,https://ine.es/jaxiT3/Tabla.htm?t=59057,%,2021,Anual,media anual,oficial,País,España,Variación anual del índice de precios de vivienda en alquiler.,2026-07-10,"IPVA; territorio fiscal común, no incluye País Vasco ni Navarra según notas del INE."
2021,Vivienda,Alquiler,variacion_precio_alquiler,Variación precio alquiler,INE - IPVA tabla 59057,2,https://ine.es/jaxiT3/Tabla.htm?t=59057,%,2021,Anual,media anual,oficial,País,España,Variación anual del índice de precios de vivienda en alquiler.,2026-07-10,"IPVA; territorio fiscal común, no incluye País Vasco ni Navarra según notas del INE."
2021,Vivienda,Alquiler,variacion_precio_alquiler,Variación precio alquiler,INE - IPVA tabla 59057,1.7,https://ine.es/jaxiT3/Tabla.htm?t=59057,%,2021,Anual,media anual,oficial,País,España,Variación anual del índice de precios de vivienda en alquiler.,2026-07-10,"IPVA; territorio fiscal común, no incluye País Vasco ni Navarra según notas del INE."
2021,Vivienda,Alquiler,variacion_precio_alquiler,Variación precio alquiler,INE - IPVA tabla 59057,2.4,https://ine.es/jaxiT3/Tabla.htm?t=59057,%,2021,Anual,media anual,oficial,País,España,Variación anual del índice de precios de vivienda en alquiler.,2026-07-10,"IPVA; territorio fiscal común, no incluye País Vasco ni Navarra según notas del INE."
2021,Vivienda,Alquiler,variacion_precio_alquiler,Variación precio alquiler,INE - IPVA tabla 59057,1.3,https://ine.es/jaxiT3/Tabla.htm?t=59057,%,2021,Anual,media anual,oficial,País,España,Variación anual del índice de precios de vivienda en alquiler.,2026-07-10,"IPVA; territorio fiscal común, no incluye País Vasco ni Navarra según notas del INE."
2021,Vivienda,Alquiler,variacion_precio_alquiler,Variación precio alquiler,INE - IPVA tabla 59057,2.6,https://ine.es/jaxiT3/Tabla.htm?t=59057,%,2021,Anual,media anual,oficial,País,España,Variación anual del índice de precios de vivienda en alquiler.,2026-07-10,"IPVA; territorio fiscal común, no incluye País Vasco ni Navarra según notas del INE."
2021,Vivienda,Alquiler,variacion_precio_alquiler,Variación precio alquiler,INE - IPVA tabla 59057,1.7,https://ine.es/jaxiT3/Tabla.htm?t=59057,%,2021,Anual,media anual,oficial,País,España,Variación anual del índice de precios de vivienda en alquiler.,2026-07-10,"IPVA; territorio fiscal común, no incluye País Vasco ni Navarra según notas del INE."
2021,Vivienda,Alquiler,variacion_precio_alquiler,Variación precio alquiler,INE - IPVA tabla 59057,2,https://ine.es/jaxiT3/Tabla.htm?t=59057,%,2021,Anual,media anual,oficial,País,España,Variación anual del índice de precios de vivienda en alquiler.,2026-07-10,"IPVA; territorio fiscal común, no incluye País Vasco ni Navarra según notas del INE."
2021,Vivienda,Alquiler,variacion_precio_alquiler,Variación precio alquiler,INE - IPVA tabla 59057,1,https://ine.es/jaxiT3/Tabla.htm?t=59057,%,2021,Anual,media anual,oficial,País,España,Variación anual del índice de precios de vivienda en alquiler.,2026-07-10,"IPVA; territorio fiscal común, no incluye País Vasco ni Navarra según notas del INE."
2021,Vivienda,Alquiler,variacion_precio_alquiler,Variación precio alquiler,INE - IPVA tabla 59057,2.3,https://ine.es/jaxiT3/Tabla.htm?t=59057,%,2021,Anual,media anual,oficial,País,España,Variación anual del índice de precios de vivienda en alquiler.,2026-07-10,"IPVA; territorio fiscal común, no incluye País Vasco ni Navarra según notas del INE."
2021,Vivienda,Alquiler,variacion_precio_alquiler,Variación precio alquiler,INE - IPVA tabla 59057,1.8,https://ine.es/jaxiT3/Tabla.htm?t=59057,%,2021,Anual,media anual,oficial,País,España,Variación anual del índice de precios de vivienda en alquiler.,2026-07-10,"IPVA; territorio fiscal común, no incluye País Vasco ni Navarra según notas del INE."
2021,Vivienda,Alquiler,variacion_precio_alquiler,Variación precio alquiler,INE - IPVA tabla 59057,1.4,https://ine.es/jaxiT3/Tabla.htm?t=59057,%,2021,Anual,media anual,oficial,País,España,Variación anual del índice de precios de vivienda en alquiler.,2026-07-10,"IPVA; territorio fiscal común, no incluye País Vasco ni Navarra según notas del INE."
2021,Vivienda,Alquiler,variacion_precio_alquiler,Variación precio alquiler,INE - IPVA tabla 59057,0.7,https://ine.es/jaxiT3/Tabla.htm?t=59057,%,2021,Anual,media anual,oficial,País,España,Variación anual del índice de precios de vivienda en alquiler.,2026-07-10,"IPVA; territorio fiscal común, no incluye País Vasco ni Navarra según notas del INE."
2022,Vivienda,Alquiler,variacion_precio_alquiler,Variación precio alquiler,INE - IPVA tabla 59057,2.7,https://ine.es/jaxiT3/Tabla.htm?t=59057,%,2022,Anual,media anual,oficial,País,España,Variación anual del índice de precios de vivienda en alquiler.,2026-07-10,"IPVA; territorio fiscal común, no incluye País Vasco ni Navarra según notas del INE."
2022,Vivienda,Alquiler,variacion_precio_alquiler,Variación precio alquiler,INE - IPVA tabla 59057,2.8,https://ine.es/jaxiT3/Tabla.htm?t=59057,%,2022,Anual,media anual,oficial,País,España,Variación anual del índice de precios de vivienda en alquiler.,2026-07-10,"IPVA; territorio fiscal común, no incluye País Vasco ni Navarra según notas del INE."
2022,Vivienda,Alquiler,variacion_precio_alquiler,Variación precio alquiler,INE - IPVA tabla 59057,2.5,https://ine.es/jaxiT3/Tabla.htm?t=59057,%,2022,Anual,media anual,oficial,País,España,Variación anual del índice de precios de vivienda en alquiler.,2026-07-10,"IPVA; territorio fiscal común, no incluye País Vasco ni Navarra según notas del INE."
2022,Vivienda,Alquiler,variacion_precio_alquiler,Variación precio alquiler,INE - IPVA tabla 59057,1.8,https://ine.es/jaxiT3/Tabla.htm?t=59057,%,2022,Anual,media anual,oficial,País,España,Variación anual del índice de precios de vivienda en alquiler.,2026-07-10,"IPVA; territorio fiscal común, no incluye País Vasco ni Navarra según notas del INE."
2022,Vivienda,Alquiler,variacion_precio_alquiler,Variación precio alquiler,INE - IPVA tabla 59057,3.7,https://ine.es/jaxiT3/Tabla.htm?t=59057,%,2022,Anual,media anual,oficial,País,España,Variación anual del índice de precios de vivienda en alquiler.,2026-07-10,"IPVA; territorio fiscal común, no incluye País Vasco ni Navarra según notas del INE."
2022,Vivienda,Alquiler,variacion_precio_alquiler,Variación precio alquiler,INE - IPVA tabla 59057,3,https://ine.es/jaxiT3/Tabla.htm?t=59057,%,2022,Anual,media anual,oficial,País,España,Variación anual del índice de precios de vivienda en alquiler.,2026-07-10,"IPVA; territorio fiscal común, no incluye País Vasco ni Navarra según notas del INE."
2022,Vivienda,Alquiler,variacion_precio_alquiler,Variación precio alquiler,INE - IPVA tabla 59057,2.4,https://ine.es/jaxiT3/Tabla.htm?t=59057,%,2022,Anual,media anual,oficial,País,España,Variación anual del índice de precios de vivienda en alquiler.,2026-07-10,"IPVA; territorio fiscal común, no incluye País Vasco ni Navarra según notas del INE."
2022,Vivienda,Alquiler,variacion_precio_alquiler,Variación precio alquiler,INE - IPVA tabla 59057,2,https://ine.es/jaxiT3/Tabla.htm?t=59057,%,2022,Anual,media anual,oficial,País,España,Variación anual del índice de precios de vivienda en alquiler.,2026-07-10,"IPVA; territorio fiscal común, no incluye País Vasco ni Navarra según notas del INE."
2022,Vivienda,Alquiler,variacion_precio_alquiler,Variación precio alquiler,INE - IPVA tabla 59057,2.7,https://ine.es/jaxiT3/Tabla.htm?t=59057,%,2022,Anual,media anual,oficial,País,España,Variación anual del índice de precios de vivienda en alquiler.,2026-07-10,"IPVA; territorio fiscal común, no incluye País Vasco ni Navarra según notas del INE."
2022,Vivienda,Alquiler,variacion_precio_alquiler,Variación precio alquiler,INE - IPVA tabla 59057,2.6,https://ine.es/jaxiT3/Tabla.htm?t=59057,%,2022,Anual,media anual,oficial,País,España,Variación anual del índice de precios de vivienda en alquiler.,2026-07-10,"IPVA; territorio fiscal común, no incluye País Vasco ni Navarra según notas del INE."
2022,Vivienda,Alquiler,variacion_precio_alquiler,Variación precio alquiler,INE - IPVA tabla 59057,3.5,https://ine.es/jaxiT3/Tabla.htm?t=59057,%,2022,Anual,media anual,oficial,País,España,Variación anual del índice de precios de vivienda en alquiler.,2026-07-10,"IPVA; territorio fiscal común, no incluye País Vasco ni Navarra según notas del INE."
2022,Vivienda,Alquiler,variacion_precio_alquiler,Variación precio alquiler,INE - IPVA tabla 59057,2.3,https://ine.es/jaxiT3/Tabla.htm?t=59057,%,2022,Anual,media anual,oficial,País,España,Variación anual del índice de precios de vivienda en alquiler.,2026-07-10,"IPVA; territorio fiscal común, no incluye País Vasco ni Navarra según notas del INE."
2022,Vivienda,Alquiler,variacion_precio_alquiler,Variación precio alquiler,INE - IPVA tabla 59057,2.5,https://ine.es/jaxiT3/Tabla.htm?t=59057,%,2022,Anual,media anual,oficial,País,España,Variación anual del índice de precios de vivienda en alquiler.,2026-07-10,"IPVA; territorio fiscal común, no incluye País Vasco ni Navarra según notas del INE."
2022,Vivienda,Alquiler,variacion_precio_alquiler,Variación precio alquiler,INE - IPVA tabla 59057,2.4,https://ine.es/jaxiT3/Tabla.htm?t=59057,%,2022,Anual,media anual,oficial,País,España,Variación anual del índice de precios de vivienda en alquiler.,2026-07-10,"IPVA; territorio fiscal común, no incluye País Vasco ni Navarra según notas del INE."
2022,Vivienda,Alquiler,variacion_precio_alquiler,Variación precio alquiler,INE - IPVA tabla 59057,2.6,https://ine.es/jaxiT3/Tabla.htm?t=59057,%,2022,Anual,media anual,oficial,País,España,Variación anual del índice de precios de vivienda en alquiler.,2026-07-10,"IPVA; territorio fiscal común, no incluye País Vasco ni Navarra según notas del INE."
2022,Vivienda,Alquiler,variacion_precio_alquiler,Variación precio alquiler,INE - IPVA tabla 59057,2.5,https://ine.es/jaxiT3/Tabla.htm?t=59057,%,2022,Anual,media anual,oficial,País,España,Variación anual del índice de precios de vivienda en alquiler.,2026-07-10,"IPVA; territorio fiscal común, no incluye País Vasco ni Navarra según notas del INE."
2022,Vivienda,Alquiler,variacion_precio_alquiler,Variación precio alquiler,INE - IPVA tabla 59057,0.7,https://ine.es/jaxiT3/Tabla.htm?t=59057,%,2022,Anual,media anual,oficial,País,España,Variación anual del índice de precios de vivienda en alquiler.,2026-07-10,"IPVA; territorio fiscal común, no incluye País Vasco ni Navarra según notas del INE."
2022,Vivienda,Alquiler,variacion_precio_alquiler,Variación precio alquiler,INE - IPVA tabla 59057,1.1,https://ine.es/jaxiT3/Tabla.htm?t=59057,%,2022,Anual,media anual,oficial,País,España,Variación anual del índice de precios de vivienda en alquiler.,2026-07-10,"IPVA; territorio fiscal común, no incluye País Vasco ni Navarra según notas del INE."
2023,Vivienda,Alquiler,variacion_precio_alquiler,Variación precio alquiler,INE - IPVA tabla 59057,2.6,https://ine.es/jaxiT3/Tabla.htm?t=59057,%,2023,Anual,media anual,oficial,País,España,Variación anual del índice de precios de vivienda en alquiler.,2026-07-10,"IPVA; territorio fiscal común, no incluye País Vasco ni Navarra según notas del INE."
2023,Vivienda,Alquiler,variacion_precio_alquiler,Variación precio alquiler,INE - IPVA tabla 59057,2.6,https://ine.es/jaxiT3/Tabla.htm?t=59057,%,2023,Anual,media anual,oficial,País,España,Variación anual del índice de precios de vivienda en alquiler.,2026-07-10,"IPVA; territorio fiscal común, no incluye País Vasco ni Navarra según notas del INE."
2023,Vivienda,Alquiler,variacion_precio_alquiler,Variación precio alquiler,INE - IPVA tabla 59057,2.3,https://ine.es/jaxiT3/Tabla.htm?t=59057,%,2023,Anual,media anual,oficial,País,España,Variación anual del índice de precios de vivienda en alquiler.,2026-07-10,"IPVA; territorio fiscal común, no incluye País Vasco ni Navarra según notas del INE."
2023,Vivienda,Alquiler,variacion_precio_alquiler,Variación precio alquiler,INE - IPVA tabla 59057,1.8,https://ine.es/jaxiT3/Tabla.htm?t=59057,%,2023,Anual,media anual,oficial,País,España,Variación anual del índice de precios de vivienda en alquiler.,2026-07-10,"IPVA; territorio fiscal común, no incluye País Vasco ni Navarra según notas del INE."
2023,Vivienda,Alquiler,variacion_precio_alquiler,Variación precio alquiler,INE - IPVA tabla 59057,3.2,https://ine.es/jaxiT3/Tabla.htm?t=59057,%,2023,Anual,media anual,oficial,País,España,Variación anual del índice de precios de vivienda en alquiler.,2026-07-10,"IPVA; territorio fiscal común, no incluye País Vasco ni Navarra según notas del INE."
2023,Vivienda,Alquiler,variacion_precio_alquiler,Variación precio alquiler,INE - IPVA tabla 59057,2.8,https://ine.es/jaxiT3/Tabla.htm?t=59057,%,2023,Anual,media anual,oficial,País,España,Variación anual del índice de precios de vivienda en alquiler.,2026-07-10,"IPVA; territorio fiscal común, no incluye País Vasco ni Navarra según notas del INE."
2023,Vivienda,Alquiler,variacion_precio_alquiler,Variación precio alquiler,INE - IPVA tabla 59057,2.4,https://ine.es/jaxiT3/Tabla.htm?t=59057,%,2023,Anual,media anual,oficial,País,España,Variación anual del índice de precios de vivienda en alquiler.,2026-07-10,"IPVA; territorio fiscal común, no incluye País Vasco ni Navarra según notas del INE."
2023,Vivienda,Alquiler,variacion_precio_alquiler,Variación precio alquiler,INE - IPVA tabla 59057,2,https://ine.es/jaxiT3/Tabla.htm?t=59057,%,2023,Anual,media anual,oficial,País,España,Variación anual del índice de precios de vivienda en alquiler.,2026-07-10,"IPVA; territorio fiscal común, no incluye País Vasco ni Navarra según notas del INE."
2023,Vivienda,Alquiler,variacion_precio_alquiler,Variación precio alquiler,INE - IPVA tabla 59057,2.6,https://ine.es/jaxiT3/Tabla.htm?t=59057,%,2023,Anual,media anual,oficial,País,España,Variación anual del índice de precios de vivienda en alquiler.,2026-07-10,"IPVA; territorio fiscal común, no incluye País Vasco ni Navarra según notas del INE."
2023,Vivienda,Alquiler,variacion_precio_alquiler,Variación precio alquiler,INE - IPVA tabla 59057,2.6,https://ine.es/jaxiT3/Tabla.htm?t=59057,%,2023,Anual,media anual,oficial,País,España,Variación anual del índice de precios de vivienda en alquiler.,2026-07-10,"IPVA; territorio fiscal común, no incluye País Vasco ni Navarra según notas del INE."
2023,Vivienda,Alquiler,variacion_precio_alquiler,Variación precio alquiler,INE - IPVA tabla 59057,3.6,https://ine.es/jaxiT3/Tabla.htm?t=59057,%,2023,Anual,media anual,oficial,País,España,Variación anual del índice de precios de vivienda en alquiler.,2026-07-10,"IPVA; territorio fiscal común, no incluye País Vasco ni Navarra según notas del INE."
2023,Vivienda,Alquiler,variacion_precio_alquiler,Variación precio alquiler,INE - IPVA tabla 59057,2.1,https://ine.es/jaxiT3/Tabla.htm?t=59057,%,2023,Anual,media anual,oficial,País,España,Variación anual del índice de precios de vivienda en alquiler.,2026-07-10,"IPVA; territorio fiscal común, no incluye País Vasco ni Navarra según notas del INE."
2023,Vivienda,Alquiler,variacion_precio_alquiler,Variación precio alquiler,INE - IPVA tabla 59057,2.4,https://ine.es/jaxiT3/Tabla.htm?t=59057,%,2023,Anual,media anual,oficial,País,España,Variación anual del índice de precios de vivienda en alquiler.,2026-07-10,"IPVA; territorio fiscal común, no incluye País Vasco ni Navarra según notas del INE."
2023,Vivienda,Alquiler,variacion_precio_alquiler,Variación precio alquiler,INE - IPVA tabla 59057,2.5,https://ine.es/jaxiT3/Tabla.htm?t=59057,%,2023,Anual,media anual,oficial,País,España,Variación anual del índice de precios de vivienda en alquiler.,2026-07-10,"IPVA; territorio fiscal común, no incluye País Vasco ni Navarra según notas del INE."
2023,Vivienda,Alquiler,variacion_precio_alquiler,Variación precio alquiler,INE - IPVA tabla 59057,2.4,https://ine.es/jaxiT3/Tabla.htm?t=59057,%,2023,Anual,media anual,oficial,País,España,Variación anual del índice de precios de vivienda en alquiler.,2026-07-10,"IPVA; territorio fiscal común, no incluye País Vasco ni Navarra según notas del INE."
2023,Vivienda,Alquiler,variacion_precio_alquiler,Variación precio alquiler,INE - IPVA tabla 59057,2.3,https://ine.es/jaxiT3/Tabla.htm?t=59057,%,2023,Anual,media anual,oficial,País,España,Variación anual del índice de precios de vivienda en alquiler.,2026-07-10,"IPVA; territorio fiscal común, no incluye País Vasco ni Navarra según notas del INE."
2023,Vivienda,Alquiler,variacion_precio_alquiler,Variación precio alquiler,INE - IPVA tabla 59057,0.8,https://ine.es/jaxiT3/Tabla.htm?t=59057,%,2023,Anual,media anual,oficial,País,España,Variación anual del índice de precios de vivienda en alquiler.,2026-07-10,"IPVA; territorio fiscal común, no incluye País Vasco ni Navarra según notas del INE."
2023,Vivienda,Alquiler,variacion_precio_alquiler,Variación precio alquiler,INE - IPVA tabla 59057,0.4,https://ine.es/jaxiT3/Tabla.htm?t=59057,%,2023,Anual,media anual,oficial,País,España,Variación anual del índice de precios de vivienda en alquiler.,2026-07-10,"IPVA; territorio fiscal común, no incluye País Vasco ni Navarra según notas del INE."
2024,Vivienda,Alquiler,variacion_precio_alquiler,Variación precio alquiler,INE - IPVA tabla 59057,3.5,https://ine.es/jaxiT3/Tabla.htm?t=59057,%,2024,Anual,media anual,oficial,País,España,Variación anual del índice de precios de vivienda en alquiler.,2026-07-10,"IPVA; territorio fiscal común, no incluye País Vasco ni Navarra según notas del INE."
2024,Vivienda,Alquiler,variacion_precio_alquiler,Variación precio alquiler,INE - IPVA tabla 59057,3.8,https://ine.es/jaxiT3/Tabla.htm?t=59057,%,2024,Anual,media anual,oficial,País,España,Variación anual del índice de precios de vivienda en alquiler.,2026-07-10,"IPVA; territorio fiscal común, no incluye País Vasco ni Navarra según notas del INE."
2024,Vivienda,Alquiler,variacion_precio_alquiler,Variación precio alquiler,INE - IPVA tabla 59057,3.2,https://ine.es/jaxiT3/Tabla.htm?t=59057,%,2024,Anual,media anual,oficial,País,España,Variación anual del índice de precios de vivienda en alquiler.,2026-07-10,"IPVA; territorio fiscal común, no incluye País Vasco ni Navarra según notas del INE."
2024,Vivienda,Alquiler,variacion_precio_alquiler,Variación precio alquiler,INE - IPVA tabla 59057,2.7,https://ine.es/jaxiT3/Tabla.htm?t=59057,%,2024,Anual,media anual,oficial,País,España,Variación anual del índice de precios de vivienda en alquiler.,2026-07-10,"IPVA; territorio fiscal común, no incluye País Vasco ni Navarra según notas del INE."
2024,Vivienda,Alquiler,variacion_precio_alquiler,Variación precio alquiler,INE - IPVA tabla 59057,4,https://ine.es/jaxiT3/Tabla.htm?t=59057,%,2024,Anual,media anual,oficial,País,España,Variación anual del índice de precios de vivienda en alquiler.,2026-07-10,"IPVA; territorio fiscal común, no incluye País Vasco ni Navarra según notas del INE."
2024,Vivienda,Alquiler,variacion_precio_alquiler,Variación precio alquiler,INE - IPVA tabla 59057,3.7,https://ine.es/jaxiT3/Tabla.htm?t=59057,%,2024,Anual,media anual,oficial,País,España,Variación anual del índice de precios de vivienda en alquiler.,2026-07-10,"IPVA; territorio fiscal común, no incluye País Vasco ni Navarra según notas del INE."
2024,Vivienda,Alquiler,variacion_precio_alquiler,Variación precio alquiler,INE - IPVA tabla 59057,3.3,https://ine.es/jaxiT3/Tabla.htm?t=59057,%,2024,Anual,media anual,oficial,País,España,Variación anual del índice de precios de vivienda en alquiler.,2026-07-10,"IPVA; territorio fiscal común, no incluye País Vasco ni Navarra según notas del INE."
2024,Vivienda,Alquiler,variacion_precio_alquiler,Variación precio alquiler,INE - IPVA tabla 59057,3,https://ine.es/jaxiT3/Tabla.htm?t=59057,%,2024,Anual,media anual,oficial,País,España,Variación anual del índice de precios de vivienda en alquiler.,2026-07-10,"IPVA; territorio fiscal común, no incluye País Vasco ni Navarra según notas del INE."
2024,Vivienda,Alquiler,variacion_precio_alquiler,Variación precio alquiler,INE - IPVA tabla 59057,3.6,https://ine.es/jaxiT3/Tabla.htm?t=59057,%,2024,Anual,media anual,oficial,País,España,Variación anual del índice de precios de vivienda en alquiler.,2026-07-10,"IPVA; territorio fiscal común, no incluye País Vasco ni Navarra según notas del INE."
2024,Vivienda,Alquiler,variacion_precio_alquiler,Variación precio alquiler,INE - IPVA tabla 59057,3.1,https://ine.es/jaxiT3/Tabla.htm?t=59057,%,2024,Anual,media anual,oficial,País,España,Variación anual del índice de precios de vivienda en alquiler.,2026-07-10,"IPVA; territorio fiscal común, no incluye País Vasco ni Navarra según notas del INE."
2024,Vivienda,Alquiler,variacion_precio_alquiler,Variación precio alquiler,INE - IPVA tabla 59057,5,https://ine.es/jaxiT3/Tabla.htm?t=59057,%,2024,Anual,media anual,oficial,País,España,Variación anual del índice de precios de vivienda en alquiler.,2026-07-10,"IPVA; territorio fiscal común, no incluye País Vasco ni Navarra según notas del INE."
2024,Vivienda,Alquiler,variacion_precio_alquiler,Variación precio alquiler,INE - IPVA tabla 59057,3.3,https://ine.es/jaxiT3/Tabla.htm?t=59057,%,2024,Anual,media anual,oficial,País,España,Variación anual del índice de precios de vivienda en alquiler.,2026-07-10,"IPVA; territorio fiscal común, no incluye País Vasco ni Navarra según notas del INE."
2024,Vivienda,Alquiler,variacion_precio_alquiler,Variación precio alquiler,INE - IPVA tabla 59057,3.4,https://ine.es/jaxiT3/Tabla.htm?t=59057,%,2024,Anual,media anual,oficial,País,España,Variación anual del índice de precios de vivienda en alquiler.,2026-07-10,"IPVA; territorio fiscal común, no incluye País Vasco ni Navarra según notas del INE."
2024,Vivienda,Alquiler,variacion_precio_alquiler,Variación precio alquiler,INE - IPVA tabla 59057,3.4,https://ine.es/jaxiT3/Tabla.htm?t=59057,%,2024,Anual,media anual,oficial,País,España,Variación anual del índice de precios de vivienda en alquiler.,2026-07-10,"IPVA; territorio fiscal común, no incluye País Vasco ni Navarra según notas del INE."
2024,Vivienda,Alquiler,variacion_precio_alquiler,Variación precio alquiler,INE - IPVA tabla 59057,3.4,https://ine.es/jaxiT3/Tabla.htm?t=59057,%,2024,Anual,media anual,oficial,País,España,Variación anual del índice de precios de vivienda en alquiler.,2026-07-10,"IPVA; territorio fiscal común, no incluye País Vasco ni Navarra según notas del INE."
2024,Vivienda,Alquiler,variacion_precio_alquiler,Variación precio alquiler,INE - IPVA tabla 59057,3.1,https://ine.es/jaxiT3/Tabla.htm?t=59057,%,2024,Anual,media anual,oficial,País,España,Variación anual del índice de precios de vivienda en alquiler.,2026-07-10,"IPVA; territorio fiscal común, no incluye País Vasco ni Navarra según notas del INE."
2024,Vivienda,Alquiler,variacion_precio_alquiler,Variación precio alquiler,INE - IPVA tabla 59057,1.5,https://ine.es/jaxiT3/Tabla.htm?t=59057,%,2024,Anual,media anual,oficial,País,España,Variación anual del índice de precios de vivienda en alquiler.,2026-07-10,"IPVA; territorio fiscal común, no incluye País Vasco ni Navarra según notas del INE."
2024,Vivienda,Alquiler,variacion_precio_alquiler,Variación precio alquiler,INE - IPVA tabla 59057,1.3,https://ine.es/jaxiT3/Tabla.htm?t=59057,%,2024,Anual,media anual,oficial,País,España,Variación anual del índice de precios de vivienda en alquiler.,2026-07-10,"IPVA; territorio fiscal común, no incluye País Vasco ni Navarra según notas del INE."
2018,Vivienda,Compraventas,compraventas_vivienda_nueva,Compraventas vivienda nueva,INE - ETDP tabla 6155,91716,https://ine.es/jaxiT3/Tabla.htm?t=6155,operaciones,2018,Anual,media anual,oficial,País,España,Número anual de compraventas de vivienda nueva.,2026-07-10,ETDP; datos provisionales cuando aplique.
2019,Vivienda,Compraventas,compraventas_vivienda_nueva,Compraventas vivienda nueva,INE - ETDP tabla 6155,92946,https://ine.es/jaxiT3/Tabla.htm?t=6155,operaciones,2019,Anual,media anual,oficial,País,España,Número anual de compraventas de vivienda nueva.,2026-07-10,ETDP; datos provisionales cuando aplique.
2020,Vivienda,Compraventas,compraventas_vivienda_nueva,Compraventas vivienda nueva,INE - ETDP tabla 6155,83561,https://ine.es/jaxiT3/Tabla.htm?t=6155,operaciones,2020,Anual,media anual,oficial,País,España,Número anual de compraventas de vivienda nueva.,2026-07-10,ETDP; datos provisionales cuando aplique.
2021,Vivienda,Compraventas,compraventas_vivienda_nueva,Compraventas vivienda nueva,INE - ETDP tabla 6155,114030,https://ine.es/jaxiT3/Tabla.htm?t=6155,operaciones,2021,Anual,media anual,oficial,País,España,Número anual de compraventas de vivienda nueva.,2026-07-10,ETDP; datos provisionales cuando aplique.
2022,Vivienda,Compraventas,compraventas_vivienda_nueva,Compraventas vivienda nueva,INE - ETDP tabla 6155,116458,https://ine.es/jaxiT3/Tabla.htm?t=6155,operaciones,2022,Anual,media anual,oficial,País,España,Número anual de compraventas de vivienda nueva.,2026-07-10,ETDP; datos provisionales cuando aplique.
2023,Vivienda,Compraventas,compraventas_vivienda_nueva,Compraventas vivienda nueva,INE - ETDP tabla 6155,109481,https://ine.es/jaxiT3/Tabla.htm?t=6155,operaciones,2023,Anual,media anual,oficial,País,España,Número anual de compraventas de vivienda nueva.,2026-07-10,ETDP; datos provisionales cuando aplique.
2024,Vivienda,Compraventas,compraventas_vivienda_nueva,Compraventas vivienda nueva,INE - ETDP tabla 6155,134338,https://ine.es/jaxiT3/Tabla.htm?t=6155,operaciones,2024,Anual,media anual,oficial,País,España,Número anual de compraventas de vivienda nueva.,2026-07-10,ETDP; datos provisionales cuando aplique.
2025,Vivienda,Compraventas,compraventas_vivienda_nueva,Compraventas vivienda nueva,INE - ETDP tabla 6155,155910,https://ine.es/jaxiT3/Tabla.htm?t=6155,operaciones,2025,Anual,media anual,oficial,País,España,Número anual de compraventas de vivienda nueva.,2026-07-10,ETDP; datos provisionales cuando aplique.
2018,Vivienda,Compraventas,compraventas_viviendas_total,Compraventas de viviendas,INE - ETDP tabla 6155,517984,https://ine.es/jaxiT3/Tabla.htm?t=6155,operaciones,2018,Anual,media anual,oficial,País,España,Número anual de compraventas de viviendas inscritas en registros de la propiedad.,2026-07-10,Estadística de Transmisión de Derechos de la Propiedad; datos provisionales cuando aplique.
2019,Vivienda,Compraventas,compraventas_viviendas_total,Compraventas de viviendas,INE - ETDP tabla 6155,505467,https://ine.es/jaxiT3/Tabla.htm?t=6155,operaciones,2019,Anual,media anual,oficial,País,España,Número anual de compraventas de viviendas inscritas en registros de la propiedad.,2026-07-10,Estadística de Transmisión de Derechos de la Propiedad; datos provisionales cuando aplique.
2020,Vivienda,Compraventas,compraventas_viviendas_total,Compraventas de viviendas,INE - ETDP tabla 6155,420238,https://ine.es/jaxiT3/Tabla.htm?t=6155,operaciones,2020,Anual,media anual,oficial,País,España,Número anual de compraventas de viviendas inscritas en registros de la propiedad.,2026-07-10,Estadística de Transmisión de Derechos de la Propiedad; datos provisionales cuando aplique.
2021,Vivienda,Compraventas,compraventas_viviendas_total,Compraventas de viviendas,INE - ETDP tabla 6155,566485,https://ine.es/jaxiT3/Tabla.htm?t=6155,operaciones,2021,Anual,media anual,oficial,País,España,Número anual de compraventas de viviendas inscritas en registros de la propiedad.,2026-07-10,Estadística de Transmisión de Derechos de la Propiedad; datos provisionales cuando aplique.
2022,Vivienda,Compraventas,compraventas_viviendas_total,Compraventas de viviendas,INE - ETDP tabla 6155,650265,https://ine.es/jaxiT3/Tabla.htm?t=6155,operaciones,2022,Anual,media anual,oficial,País,España,Número anual de compraventas de viviendas inscritas en registros de la propiedad.,2026-07-10,Estadística de Transmisión de Derechos de la Propiedad; datos provisionales cuando aplique.
2023,Vivienda,Compraventas,compraventas_viviendas_total,Compraventas de viviendas,INE - ETDP tabla 6155,583651,https://ine.es/jaxiT3/Tabla.htm?t=6155,operaciones,2023,Anual,media anual,oficial,País,España,Número anual de compraventas de viviendas inscritas en registros de la propiedad.,2026-07-10,Estadística de Transmisión de Derechos de la Propiedad; datos provisionales cuando aplique.
2024,Vivienda,Compraventas,compraventas_viviendas_total,Compraventas de viviendas,INE - ETDP tabla 6155,640401,https://ine.es/jaxiT3/Tabla.htm?t=6155,operaciones,2024,Anual,media anual,oficial,País,España,Número anual de compraventas de viviendas inscritas en registros de la propiedad.,2026-07-10,Estadística de Transmisión de Derechos de la Propiedad; datos provisionales cuando aplique.
2025,Vivienda,Compraventas,compraventas_viviendas_total,Compraventas de viviendas,INE - ETDP tabla 6155,714237,https://ine.es/jaxiT3/Tabla.htm?t=6155,operaciones,2025,Anual,media anual,oficial,País,España,Número anual de compraventas de viviendas inscritas en registros de la propiedad.,2026-07-10,Estadística de Transmisión de Derechos de la Propiedad; datos provisionales cuando aplique.
2018,Vivienda,Precio vivienda,indice_precio_vivienda,Índice precio vivienda,INE - IPV tabla 25173,118.6,https://ine.es/jaxiT3/Tabla.htm?t=25173,índice base 2015=100,2018,Anual,media anual,oficial,País,España,"Media anual del Índice de Precios de Vivienda, general.",2026-07-10,Base 2015; nacional.
2019,Vivienda,Precio vivienda,indice_precio_vivienda,Índice precio vivienda,INE - IPV tabla 25173,124.6,https://ine.es/jaxiT3/Tabla.htm?t=25173,índice base 2015=100,2019,Anual,media anual,oficial,País,España,"Media anual del Índice de Precios de Vivienda, general.",2026-07-10,Base 2015; nacional.
2020,Vivienda,Precio vivienda,indice_precio_vivienda,Índice precio vivienda,INE - IPV tabla 25173,127.23,https://ine.es/jaxiT3/Tabla.htm?t=25173,índice base 2015=100,2020,Anual,media anual,oficial,País,España,"Media anual del Índice de Precios de Vivienda, general.",2026-07-10,Base 2015; nacional.
2021,Vivienda,Precio vivienda,indice_precio_vivienda,Índice precio vivienda,INE - IPV tabla 25173,131.93,https://ine.es/jaxiT3/Tabla.htm?t=25173,índice base 2015=100,2021,Anual,media anual,oficial,País,España,"Media anual del Índice de Precios de Vivienda, general.",2026-07-10,Base 2015; nacional.
2022,Vivienda,Precio vivienda,indice_precio_vivienda,Índice precio vivienda,INE - IPV tabla 25173,141.68,https://ine.es/jaxiT3/Tabla.htm?t=25173,índice base 2015=100,2022,Anual,media anual,oficial,País,España,"Media anual del Índice de Precios de Vivienda, general.",2026-07-10,Base 2015; nacional.
2023,Vivienda,Precio vivienda,indice_precio_vivienda,Índice precio vivienda,INE - IPV tabla 25173,147.28,https://ine.es/jaxiT3/Tabla.htm?t=25173,índice base 2015=100,2023,Anual,media anual,oficial,País,España,"Media anual del Índice de Precios de Vivienda, general.",2026-07-10,Base 2015; nacional.
2024,Vivienda,Precio vivienda,indice_precio_vivienda,Índice precio vivienda,INE - IPV tabla 25173,159.66,https://ine.es/jaxiT3/Tabla.htm?t=25173,índice base 2015=100,2024,Anual,media anual,oficial,País,España,"Media anual del Índice de Precios de Vivienda, general.",2026-07-10,Base 2015; nacional.
2025,Vivienda,Precio vivienda,indice_precio_vivienda,Índice precio vivienda,INE - IPV tabla 25173,179.91,https://ine.es/jaxiT3/Tabla.htm?t=25173,índice base 2015=100,2025,Anual,media anual,oficial,País,España,"Media anual del Índice de Precios de Vivienda, general.",2026-07-10,Base 2015; nacional.
2018,Vivienda,Precio vivienda,variacion_precio_vivienda,Variación precio vivienda,INE - IPV tabla 25173,6.7,https://ine.es/jaxiT3/Tabla.htm?t=25173,%,2018,Anual,media anual,oficial,País,España,"Variación anual del Índice de Precios de Vivienda, general.",2026-07-10,Base 2015; nacional.
2019,Vivienda,Precio vivienda,variacion_precio_vivienda,Variación precio vivienda,INE - IPV tabla 25173,5.1,https://ine.es/jaxiT3/Tabla.htm?t=25173,%,2019,Anual,media anual,oficial,País,España,"Variación anual del Índice de Precios de Vivienda, general.",2026-07-10,Base 2015; nacional.
2020,Vivienda,Precio vivienda,variacion_precio_vivienda,Variación precio vivienda,INE - IPV tabla 25173,2.1,https://ine.es/jaxiT3/Tabla.htm?t=25173,%,2020,Anual,media anual,oficial,País,España,"Variación anual del Índice de Precios de Vivienda, general.",2026-07-10,Base 2015; nacional.
2021,Vivienda,Precio vivienda,variacion_precio_vivienda,Variación precio vivienda,INE - IPV tabla 25173,3.7,https://ine.es/jaxiT3/Tabla.htm?t=25173,%,2021,Anual,media anual,oficial,País,España,"Variación anual del Índice de Precios de Vivienda, general.",2026-07-10,Base 2015; nacional.
2022,Vivienda,Precio vivienda,variacion_precio_vivienda,Variación precio vivienda,INE - IPV tabla 25173,7.4,https://ine.es/jaxiT3/Tabla.htm?t=25173,%,2022,Anual,media anual,oficial,País,España,"Variación anual del Índice de Precios de Vivienda, general.",2026-07-10,Base 2015; nacional.
2023,Vivienda,Precio vivienda,variacion_precio_vivienda,Variación precio vivienda,INE - IPV tabla 25173,4,https://ine.es/jaxiT3/Tabla.htm?t=25173,%,2023,Anual,media anual,oficial,País,España,"Variación anual del Índice de Precios de Vivienda, general.",2026-07-10,Base 2015; nacional.
2024,Vivienda,Precio vivienda,variacion_precio_vivienda,Variación precio vivienda,INE - IPV tabla 25173,8.4,https://ine.es/jaxiT3/Tabla.htm?t=25173,%,2024,Anual,media anual,oficial,País,España,"Variación anual del Índice de Precios de Vivienda, general.",2026-07-10,Base 2015; nacional.
2025,Vivienda,Precio vivienda,variacion_precio_vivienda,Variación precio vivienda,INE - IPV tabla 25173,12.7,https://ine.es/jaxiT3/Tabla.htm?t=25173,%,2025,Anual,media anual,oficial,País,España,"Variación anual del Índice de Precios de Vivienda, general.",2026-07-10,Base 2015; nacional.
2018,Mercado laboral,Salarios,brecha_salarial_media_anual_mujeres_hombres_Total,Brecha salarial media anual mujeres-hombres Total,Elaboración propia a partir de INE - EAES,21.42,https://www.ine.es/jaxiT3/Tabla.htm?t=10882,% sobre salario medio anual de hombres,2020,annual,annual,calculated_from_official,country,España,Diferencia porcentual entre el salario medio anual de hombres y mujeres: (Hombres - Mujeres) / Hombres * 100.,2026-07-10,"Indicador calculado desde datos oficiales del INE, no es una columna directa de la tabla fuente."
2018,Mercado laboral,Salarios,salario_mediano_anual_bruto_Total,Salario mediano anual bruto Total,INE - Encuesta Anual de Estructura Salarial,20078.44,https://ine.es/prensa/eces_2018_a.pdf,€ bruto anual por trabajador,2020,annual,annual,official,country,España,Ganancia anual que divide al número de trabajadores en dos partes iguales: la mitad tiene un salario superior y la otra mitad inferior.,2026-07-10,"2018 procede de la Encuesta de Estructura Salarial 2018, avance oficial del INE."
2018,Mercado laboral,Salarios,salario_medio_anual_bruto_Hombres,Salario medio anual bruto Hombres,INE - Encuesta Anual de Estructura Salarial,26738.19,https://www.ine.es/jaxiT3/Tabla.htm?t=10882,€ bruto anual por trabajador,2020,annual,annual,official,country,España,Ganancia media anual bruta por trabajador por cuenta ajena. No recoge ganancias de segundos y siguientes trabajos del mismo asalariado.,2026-07-10,"2018 procede de la Encuesta de Estructura Salarial 2018, avance oficial del INE."
2018,Mercado laboral,Salarios,salario_medio_anual_bruto_Mujeres,Salario medio anual bruto Mujeres,INE - Encuesta Anual de Estructura Salarial,21011.89,https://www.ine.es/jaxiT3/Tabla.htm?t=10882,€ bruto anual por trabajador,2020,annual,annual,official,country,España,Ganancia media anual bruta por trabajador por cuenta ajena. No recoge ganancias de segundos y siguientes trabajos del mismo asalariado.,2026-07-10,"2018 procede de la Encuesta de Estructura Salarial 2018, avance oficial del INE."
2018,Mercado laboral,Salarios,salario_medio_anual_bruto_Total,Salario medio anual bruto Total,INE - Encuesta Anual de Estructura Salarial,24009.12,https://ine.es/prensa/eces_2018_a.pdf,€ bruto anual por trabajador,2020,annual,annual,official,country,España,Ganancia media anual bruta por trabajador por cuenta ajena. No recoge ganancias de segundos y siguientes trabajos del mismo asalariado.,2026-07-10,"2018 procede de la Encuesta de Estructura Salarial 2018, avance oficial del INE."
2018,Mercado laboral,Salarios,salario_modal_anual_bruto_Total,Salario modal anual bruto Total,INE - Encuesta Anual de Estructura Salarial,18468.93,https://ine.es/prensa/eces_2018_a.pdf,€ bruto anual por trabajador,2020,annual,annual,official,country,España,Ganancia anual más frecuente en la distribución salarial publicada por el INE.,2026-07-10,
2018,Mercado laboral,Salarios mínimos,smi_anual_14_pagas_Total,Salario mínimo interprofesional anual Total,Ministerio de Trabajo / BOE,10302.6,https://www.mites.gob.es/estadisticas/bel/SMI/indice.htm,€ brutos anuales,1900,annual,legal_rate,official,country,España,Cuantía anual mínima de referencia calculada como SMI mensual por 14 pagas.,2026-07-10,Serie histórica oficial del Ministerio de Trabajo.
2018,Mercado laboral,Salarios mínimos,smi_mensual_14_pagas_Total,Salario mínimo interprofesional mensual Total,Ministerio de Trabajo / BOE,735.9,https://www.mites.gob.es/estadisticas/bel/SMI/indice.htm,€ brutos mensuales en 14 pagas,1900,annual,legal_rate,official,country,España,"Cuantía mensual ordinaria del Salario Mínimo Interprofesional para jornada completa, en 14 pagas.",2026-07-10,Serie histórica oficial del Ministerio de Trabajo.
2019,Mercado laboral,Salarios,brecha_salarial_media_anual_mujeres_hombres_Total,Brecha salarial media anual mujeres-hombres Total,Elaboración propia a partir de INE - EAES,19.5,https://www.ine.es/jaxiT3/Tabla.htm?t=10882,% sobre salario medio anual de hombres,2021,annual,annual,calculated_from_official,country,España,Diferencia porcentual entre el salario medio anual de hombres y mujeres: (Hombres - Mujeres) / Hombres * 100.,2026-07-10,"Indicador calculado desde datos oficiales del INE, no es una columna directa de la tabla fuente."
2019,Mercado laboral,Salarios,salario_mediano_anual_bruto_Total,Salario mediano anual bruto Total,INE - Encuesta Anual de Estructura Salarial,20351.02,https://ine.es/prensa/ees_2019.pdf,€ bruto anual por trabajador,2021,annual,annual,official,country,España,Ganancia anual que divide al número de trabajadores en dos partes iguales: la mitad tiene un salario superior y la otra mitad inferior.,2026-07-10,
2019,Mercado laboral,Salarios,salario_mediano_mensual_bruto_epa_Total,Salario mediano mensual bruto del empleo principal Total,INE - Decil de salarios del empleo principal. EPA,1684.3,https://ine.es/dyngs/Prensa/dsEPA2024.htm,€ bruto mensual,2025,annual,annual_average,official,country,España,"Salario mensual bruto que divide a los asalariados en dos mitades, según la Encuesta de Población Activa.",2026-07-10,Serie publicada en la nota de prensa EPA 2024 con valores 2019-2024.
2019,Mercado laboral,Salarios,salario_medio_anual_bruto_Hombres,Salario medio anual bruto Hombres,INE - Encuesta Anual de Estructura Salarial,26934.38,https://www.ine.es/jaxiT3/Tabla.htm?t=10882,€ bruto anual por trabajador,2021,annual,annual,official,country,España,Ganancia media anual bruta por trabajador por cuenta ajena. No recoge ganancias de segundos y siguientes trabajos del mismo asalariado.,2026-07-10,
2019,Mercado laboral,Salarios,salario_medio_anual_bruto_Mujeres,Salario medio anual bruto Mujeres,INE - Encuesta Anual de Estructura Salarial,21682.02,https://www.ine.es/jaxiT3/Tabla.htm?t=10882,€ bruto anual por trabajador,2021,annual,annual,official,country,España,Ganancia media anual bruta por trabajador por cuenta ajena. No recoge ganancias de segundos y siguientes trabajos del mismo asalariado.,2026-07-10,
2019,Mercado laboral,Salarios,salario_medio_anual_bruto_Total,Salario medio anual bruto Total,INE - Encuesta Anual de Estructura Salarial,24395.98,https://ine.es/prensa/ees_2019.pdf,€ bruto anual por trabajador,2021,annual,annual,official,country,España,Ganancia media anual bruta por trabajador por cuenta ajena. No recoge ganancias de segundos y siguientes trabajos del mismo asalariado.,2026-07-10,
2019,Mercado laboral,Salarios,salario_medio_mensual_bruto_epa_Total,Salario medio mensual bruto del empleo principal Total,INE - Decil de salarios del empleo principal. EPA,1982.3,https://ine.es/dyngs/Prensa/dsEPA2024.htm,€ bruto mensual,2025,annual,annual_average,official,country,España,"Salario medio mensual bruto del empleo principal de los asalariados, según la Encuesta de Población Activa.",2026-07-10,Serie publicada en la nota de prensa EPA 2024 con valores 2019-2024.
2019,Mercado laboral,Salarios por formación,salario_medio_mensual_bruto_epa_formacion_Hasta secundaria 1ª etapa,Salario medio mensual bruto por nivel de formación Hasta secundaria 1ª etapa,INE - Decil de salarios del empleo principal. EPA,1333.3,https://ine.es/dyngs/Prensa/dsEPA2024.htm,€ bruto mensual,2025,annual,annual_average,official,country,España,Salario medio mensual bruto del empleo principal de asalariados por nivel de formación alcanzado.,2026-07-10,Serie publicada en la nota de prensa EPA 2024 con valores 2019-2024.
2019,Mercado laboral,Salarios por formación,salario_medio_mensual_bruto_epa_formacion_Secundaria 2ª etapa,Salario medio mensual bruto por nivel de formación Secundaria 2ª etapa,INE - Decil de salarios del empleo principal. EPA,1593.1,https://ine.es/dyngs/Prensa/dsEPA2024.htm,€ bruto mensual,2025,annual,annual_average,official,country,España,Salario medio mensual bruto del empleo principal de asalariados por nivel de formación alcanzado.,2026-07-10,Serie publicada en la nota de prensa EPA 2024 con valores 2019-2024.
2019,Mercado laboral,Salarios por formación,"salario_medio_mensual_bruto_epa_formacion_Superior, incluido doctorado","Salario medio mensual bruto por nivel de formación Superior, incluido doctorado",INE - Decil de salarios del empleo principal. EPA,2493.5,https://ine.es/dyngs/Prensa/dsEPA2024.htm,€ bruto mensual,2025,annual,annual_average,official,country,España,Salario medio mensual bruto del empleo principal de asalariados por nivel de formación alcanzado.,2026-07-10,Serie publicada en la nota de prensa EPA 2024 con valores 2019-2024.
2019,Mercado laboral,Salarios,salario_modal_anual_bruto_Total,Salario modal anual bruto Total,INE - Encuesta Anual de Estructura Salarial,18490,https://ine.es/prensa/ees_2019.pdf,€ bruto anual por trabajador,2021,annual,annual,official,country,España,Ganancia anual más frecuente en la distribución salarial publicada por el INE.,2026-07-10,El INE lo publica como 'en torno a 18.490 euros'.
2019,Mercado laboral,Salarios mínimos,smi_anual_14_pagas_Total,Salario mínimo interprofesional anual Total,Ministerio de Trabajo / BOE,12600,https://www.mites.gob.es/estadisticas/bel/SMI/indice.htm,€ brutos anuales,1900,annual,legal_rate,official,country,España,Cuantía anual mínima de referencia calculada como SMI mensual por 14 pagas.,2026-07-10,Serie histórica oficial del Ministerio de Trabajo.
2019,Mercado laboral,Salarios mínimos,smi_mensual_14_pagas_Total,Salario mínimo interprofesional mensual Total,Ministerio de Trabajo / BOE,900,https://www.mites.gob.es/estadisticas/bel/SMI/indice.htm,€ brutos mensuales en 14 pagas,1900,annual,legal_rate,official,country,España,"Cuantía mensual ordinaria del Salario Mínimo Interprofesional para jornada completa, en 14 pagas.",2026-07-10,Serie histórica oficial del Ministerio de Trabajo.
2020,Mercado laboral,Salarios,brecha_salarial_media_anual_mujeres_hombres_Total,Brecha salarial media anual mujeres-hombres Total,Elaboración propia a partir de INE - EAES,18.72,https://www.ine.es/jaxiT3/Tabla.htm?t=10882,% sobre salario medio anual de hombres,2022,annual,annual,calculated_from_official,country,España,Diferencia porcentual entre el salario medio anual de hombres y mujeres: (Hombres - Mujeres) / Hombres * 100.,2026-07-10,"Indicador calculado desde datos oficiales del INE, no es una columna directa de la tabla fuente."
2020,Mercado laboral,Salarios,salario_mediano_anual_bruto_Total,Salario mediano anual bruto Total,INE - Encuesta Anual de Estructura Salarial,20920.12,https://ine.es/prensa/ees_2020.pdf,€ bruto anual por trabajador,2022,annual,annual,official,country,España,Ganancia anual que divide al número de trabajadores en dos partes iguales: la mitad tiene un salario superior y la otra mitad inferior.,2026-07-10,
2020,Mercado laboral,Salarios,salario_mediano_mensual_bruto_epa_Total,Salario mediano mensual bruto del empleo principal Total,INE - Decil de salarios del empleo principal. EPA,1706.4,https://ine.es/dyngs/Prensa/dsEPA2024.htm,€ bruto mensual,2025,annual,annual_average,official,country,España,"Salario mensual bruto que divide a los asalariados en dos mitades, según la Encuesta de Población Activa.",2026-07-10,Serie publicada en la nota de prensa EPA 2024 con valores 2019-2024.
2020,Mercado laboral,Salarios,salario_medio_anual_bruto_Hombres,Salario medio anual bruto Hombres,INE - Encuesta Anual de Estructura Salarial,27642.52,https://www.ine.es/jaxiT3/Tabla.htm?t=10882,€ bruto anual por trabajador,2022,annual,annual,official,country,España,Ganancia media anual bruta por trabajador por cuenta ajena. No recoge ganancias de segundos y siguientes trabajos del mismo asalariado.,2026-07-10,
2020,Mercado laboral,Salarios,salario_medio_anual_bruto_Mujeres,Salario medio anual bruto Mujeres,INE - Encuesta Anual de Estructura Salarial,22467.48,https://www.ine.es/jaxiT3/Tabla.htm?t=10882,€ bruto anual por trabajador,2022,annual,annual,official,country,España,Ganancia media anual bruta por trabajador por cuenta ajena. No recoge ganancias de segundos y siguientes trabajos del mismo asalariado.,2026-07-10,
2020,Mercado laboral,Salarios,salario_medio_anual_bruto_Total,Salario medio anual bruto Total,INE - Encuesta Anual de Estructura Salarial,25165.51,https://ine.es/prensa/ees_2020.pdf,€ bruto anual por trabajador,2022,annual,annual,official,country,España,Ganancia media anual bruta por trabajador por cuenta ajena. No recoge ganancias de segundos y siguientes trabajos del mismo asalariado.,2026-07-10,
2020,Mercado laboral,Salarios,salario_medio_mensual_bruto_epa_Total,Salario medio mensual bruto del empleo principal Total,INE - Decil de salarios del empleo principal. EPA,2038.6,https://ine.es/dyngs/Prensa/dsEPA2024.htm,€ bruto mensual,2025,annual,annual_average,official,country,España,"Salario medio mensual bruto del empleo principal de los asalariados, según la Encuesta de Población Activa.",2026-07-10,Serie publicada en la nota de prensa EPA 2024 con valores 2019-2024.
2020,Mercado laboral,Salarios por formación,salario_medio_mensual_bruto_epa_formacion_Hasta secundaria 1ª etapa,Salario medio mensual bruto por nivel de formación Hasta secundaria 1ª etapa,INE - Decil de salarios del empleo principal. EPA,1337.8,https://ine.es/dyngs/Prensa/dsEPA2024.htm,€ bruto mensual,2025,annual,annual_average,official,country,España,Salario medio mensual bruto del empleo principal de asalariados por nivel de formación alcanzado.,2026-07-10,Serie publicada en la nota de prensa EPA 2024 con valores 2019-2024.
2020,Mercado laboral,Salarios por formación,salario_medio_mensual_bruto_epa_formacion_Secundaria 2ª etapa,Salario medio mensual bruto por nivel de formación Secundaria 2ª etapa,INE - Decil de salarios del empleo principal. EPA,1588,https://ine.es/dyngs/Prensa/dsEPA2024.htm,€ bruto mensual,2025,annual,annual_average,official,country,España,Salario medio mensual bruto del empleo principal de asalariados por nivel de formación alcanzado.,2026-07-10,Serie publicada en la nota de prensa EPA 2024 con valores 2019-2024.
2020,Mercado laboral,Salarios por formación,"salario_medio_mensual_bruto_epa_formacion_Superior, incluido doctorado","Salario medio mensual bruto por nivel de formación Superior, incluido doctorado",INE - Decil de salarios del empleo principal. EPA,2553.2,https://ine.es/dyngs/Prensa/dsEPA2024.htm,€ bruto mensual,2025,annual,annual_average,official,country,España,Salario medio mensual bruto del empleo principal de asalariados por nivel de formación alcanzado.,2026-07-10,Serie publicada en la nota de prensa EPA 2024 con valores 2019-2024.
2020,Mercado laboral,Salarios,salario_modal_anual_bruto_Total,Salario modal anual bruto Total,INE - Encuesta Anual de Estructura Salarial,18480,https://ine.es/prensa/ees_2020.pdf,€ bruto anual por trabajador,2022,annual,annual,official,country,España,Ganancia anual más frecuente en la distribución salarial publicada por el INE.,2026-07-10,El INE lo publica como 'en torno a 18.480 euros'; también menciona un segundo salario frecuente de 13.970 euros.
2020,Mercado laboral,Salarios mínimos,smi_anual_14_pagas_Total,Salario mínimo interprofesional anual Total,Ministerio de Trabajo / BOE,13300,https://www.mites.gob.es/estadisticas/bel/SMI/indice.htm,€ brutos anuales,1900,annual,legal_rate,official,country,España,Cuantía anual mínima de referencia calculada como SMI mensual por 14 pagas.,2026-07-10,Serie histórica oficial del Ministerio de Trabajo.
2020,Mercado laboral,Salarios mínimos,smi_mensual_14_pagas_Total,Salario mínimo interprofesional mensual Total,Ministerio de Trabajo / BOE,950,https://www.mites.gob.es/estadisticas/bel/SMI/indice.htm,€ brutos mensuales en 14 pagas,1900,annual,legal_rate,official,country,España,"Cuantía mensual ordinaria del Salario Mínimo Interprofesional para jornada completa, en 14 pagas.",2026-07-10,Serie histórica oficial del Ministerio de Trabajo.
2021,Mercado laboral,Salarios,brecha_salarial_media_anual_mujeres_hombres_Total,Brecha salarial media anual mujeres-hombres Total,Elaboración propia a partir de INE - EAES,18.36,https://www.ine.es/jaxiT3/Tabla.htm?t=10882,% sobre salario medio anual de hombres,2023,annual,annual,calculated_from_official,country,España,Diferencia porcentual entre el salario medio anual de hombres y mujeres: (Hombres - Mujeres) / Hombres * 100.,2026-07-10,"Indicador calculado desde datos oficiales del INE, no es una columna directa de la tabla fuente."
2021,Mercado laboral,Salarios,salario_mediano_anual_bruto_Total,Salario mediano anual bruto Total,INE - Encuesta Anual de Estructura Salarial,21638.69,https://www.ine.es/prensa/ees_2021.pdf,€ bruto anual por trabajador,2023,annual,annual,official,country,España,Ganancia anual que divide al número de trabajadores en dos partes iguales: la mitad tiene un salario superior y la otra mitad inferior.,2026-07-10,
2021,Mercado laboral,Salarios,salario_mediano_mensual_bruto_epa_Total,Salario mediano mensual bruto del empleo principal Total,INE - Decil de salarios del empleo principal. EPA,1763.1,https://ine.es/dyngs/Prensa/dsEPA2024.htm,€ bruto mensual,2025,annual,annual_average,official,country,España,"Salario mensual bruto que divide a los asalariados en dos mitades, según la Encuesta de Población Activa.",2026-07-10,Serie publicada en la nota de prensa EPA 2024 con valores 2019-2024.
2021,Mercado laboral,Salarios,salario_medio_anual_bruto_Hombres,Salario medio anual bruto Hombres,INE - Encuesta Anual de Estructura Salarial,28388.69,https://www.ine.es/jaxiT3/Tabla.htm?t=10882,€ bruto anual por trabajador,2023,annual,annual,official,country,España,Ganancia media anual bruta por trabajador por cuenta ajena. No recoge ganancias de segundos y siguientes trabajos del mismo asalariado.,2026-07-10,
2021,Mercado laboral,Salarios,salario_medio_anual_bruto_Mujeres,Salario medio anual bruto Mujeres,INE - Encuesta Anual de Estructura Salarial,23175.95,https://www.ine.es/jaxiT3/Tabla.htm?t=10882,€ bruto anual por trabajador,2023,annual,annual,official,country,España,Ganancia media anual bruta por trabajador por cuenta ajena. No recoge ganancias de segundos y siguientes trabajos del mismo asalariado.,2026-07-10,
2021,Mercado laboral,Salarios,salario_medio_anual_bruto_Total,Salario medio anual bruto Total,INE - Encuesta Anual de Estructura Salarial,25896.82,https://www.ine.es/prensa/ees_2021.pdf,€ bruto anual por trabajador,2023,annual,annual,official,country,España,Ganancia media anual bruta por trabajador por cuenta ajena. No recoge ganancias de segundos y siguientes trabajos del mismo asalariado.,2026-07-10,
2021,Mercado laboral,Salarios,salario_medio_mensual_bruto_epa_Total,Salario medio mensual bruto del empleo principal Total,INE - Decil de salarios del empleo principal. EPA,2087.7,https://ine.es/dyngs/Prensa/dsEPA2024.htm,€ bruto mensual,2025,annual,annual_average,official,country,España,"Salario medio mensual bruto del empleo principal de los asalariados, según la Encuesta de Población Activa.",2026-07-10,Serie publicada en la nota de prensa EPA 2024 con valores 2019-2024.
2021,Mercado laboral,Salarios por formación,salario_medio_mensual_bruto_epa_formacion_Hasta secundaria 1ª etapa,Salario medio mensual bruto por nivel de formación Hasta secundaria 1ª etapa,INE - Decil de salarios del empleo principal. EPA,1352.1,https://ine.es/dyngs/Prensa/dsEPA2024.htm,€ bruto mensual,2025,annual,annual_average,official,country,España,Salario medio mensual bruto del empleo principal de asalariados por nivel de formación alcanzado.,2026-07-10,Serie publicada en la nota de prensa EPA 2024 con valores 2019-2024.
2021,Mercado laboral,Salarios por formación,salario_medio_mensual_bruto_epa_formacion_Secundaria 2ª etapa,Salario medio mensual bruto por nivel de formación Secundaria 2ª etapa,INE - Decil de salarios del empleo principal. EPA,1641.3,https://ine.es/dyngs/Prensa/dsEPA2024.htm,€ bruto mensual,2025,annual,annual_average,official,country,España,Salario medio mensual bruto del empleo principal de asalariados por nivel de formación alcanzado.,2026-07-10,Serie publicada en la nota de prensa EPA 2024 con valores 2019-2024.
2021,Mercado laboral,Salarios por formación,"salario_medio_mensual_bruto_epa_formacion_Superior, incluido doctorado","Salario medio mensual bruto por nivel de formación Superior, incluido doctorado",INE - Decil de salarios del empleo principal. EPA,2607.9,https://ine.es/dyngs/Prensa/dsEPA2024.htm,€ bruto mensual,2025,annual,annual_average,official,country,España,Salario medio mensual bruto del empleo principal de asalariados por nivel de formación alcanzado.,2026-07-10,Serie publicada en la nota de prensa EPA 2024 con valores 2019-2024.
2021,Mercado laboral,Salarios,salario_modal_anual_bruto_Total,Salario modal anual bruto Total,INE - Encuesta Anual de Estructura Salarial,18502.54,https://www.ine.es/prensa/ees_2021.pdf,€ bruto anual por trabajador,2023,annual,annual,official,country,España,Ganancia anual más frecuente en la distribución salarial publicada por el INE.,2026-07-10,"El INE también menciona un segundo salario frecuente de 16.487,22 euros."
2021,Mercado laboral,Salarios mínimos,smi_anual_14_pagas_Total,Salario mínimo interprofesional anual Total,Ministerio de Trabajo / BOE,13510,https://www.mites.gob.es/estadisticas/bel/SMI/indice.htm,€ brutos anuales,1900,annual,legal_rate,official,country,España,Cuantía anual mínima de referencia calculada como SMI mensual por 14 pagas.,2026-07-10,Cuantía vigente desde septiembre de 2021; enero-agosto fue 950 euros/mes.
2021,Mercado laboral,Salarios mínimos,smi_mensual_14_pagas_Total,Salario mínimo interprofesional mensual Total,Ministerio de Trabajo / BOE,965,https://www.mites.gob.es/estadisticas/bel/SMI/indice.htm,€ brutos mensuales en 14 pagas,1900,annual,legal_rate,official,country,España,"Cuantía mensual ordinaria del Salario Mínimo Interprofesional para jornada completa, en 14 pagas.",2026-07-10,Cuantía vigente desde septiembre de 2021; enero-agosto fue 950 euros/mes.
2022,Mercado laboral,Salarios,brecha_salarial_media_anual_mujeres_hombres_Total,Brecha salarial media anual mujeres-hombres Total,Elaboración propia a partir de INE - EAES,17.09,https://www.ine.es/jaxiT3/Tabla.htm?t=10882,% sobre salario medio anual de hombres,2024,annual,annual,calculated_from_official,country,España,Diferencia porcentual entre el salario medio anual de hombres y mujeres: (Hombres - Mujeres) / Hombres * 100.,2026-07-10,"Indicador calculado desde datos oficiales del INE, no es una columna directa de la tabla fuente."
2022,Mercado laboral,Salarios,salario_mediano_anual_bruto_Total,Salario mediano anual bruto Total,INE - Encuesta Anual de Estructura Salarial,22383.11,https://ine.es/metodologia/t22/ees_prinre22.pdf,€ bruto anual por trabajador,2024,annual,annual,official,country,España,Ganancia anual que divide al número de trabajadores en dos partes iguales: la mitad tiene un salario superior y la otra mitad inferior.,2026-07-10,
2022,Mercado laboral,Salarios,salario_mediano_mensual_bruto_epa_Total,Salario mediano mensual bruto del empleo principal Total,INE - Decil de salarios del empleo principal. EPA,1802.8,https://ine.es/dyngs/Prensa/dsEPA2024.htm,€ bruto mensual,2025,annual,annual_average,official,country,España,"Salario mensual bruto que divide a los asalariados en dos mitades, según la Encuesta de Población Activa.",2026-07-10,Serie publicada en la nota de prensa EPA 2024 con valores 2019-2024.
2022,Mercado laboral,Salarios,salario_medio_anual_bruto_Hombres,Salario medio anual bruto Hombres,INE - Encuesta Anual de Estructura Salarial,29381.84,https://www.ine.es/jaxiT3/Tabla.htm?t=10882,€ bruto anual por trabajador,2024,annual,annual,official,country,España,Ganancia media anual bruta por trabajador por cuenta ajena. No recoge ganancias de segundos y siguientes trabajos del mismo asalariado.,2026-07-10,
2022,Mercado laboral,Salarios,salario_medio_anual_bruto_Mujeres,Salario medio anual bruto Mujeres,INE - Encuesta Anual de Estructura Salarial,24359.82,https://www.ine.es/jaxiT3/Tabla.htm?t=10882,€ bruto anual por trabajador,2024,annual,annual,official,country,España,Ganancia media anual bruta por trabajador por cuenta ajena. No recoge ganancias de segundos y siguientes trabajos del mismo asalariado.,2026-07-10,
2022,Mercado laboral,Salarios,salario_medio_anual_bruto_Total,Salario medio anual bruto Total,INE - Encuesta Anual de Estructura Salarial,26948.87,https://ine.es/metodologia/t22/ees_prinre22.pdf,€ bruto anual por trabajador,2024,annual,annual,official,country,España,Ganancia media anual bruta por trabajador por cuenta ajena. No recoge ganancias de segundos y siguientes trabajos del mismo asalariado.,2026-07-10,
2022,Mercado laboral,Salarios,salario_medio_mensual_bruto_epa_Total,Salario medio mensual bruto del empleo principal Total,INE - Decil de salarios del empleo principal. EPA,2118.8,https://ine.es/dyngs/Prensa/dsEPA2024.htm,€ bruto mensual,2025,annual,annual_average,official,country,España,"Salario medio mensual bruto del empleo principal de los asalariados, según la Encuesta de Población Activa.",2026-07-10,Serie publicada en la nota de prensa EPA 2024 con valores 2019-2024.
2022,Mercado laboral,Salarios por formación,salario_medio_mensual_bruto_epa_formacion_Hasta secundaria 1ª etapa,Salario medio mensual bruto por nivel de formación Hasta secundaria 1ª etapa,INE - Decil de salarios del empleo principal. EPA,1445.9,https://ine.es/dyngs/Prensa/dsEPA2024.htm,€ bruto mensual,2025,annual,annual_average,official,country,España,Salario medio mensual bruto del empleo principal de asalariados por nivel de formación alcanzado.,2026-07-10,Serie publicada en la nota de prensa EPA 2024 con valores 2019-2024.
2022,Mercado laboral,Salarios por formación,salario_medio_mensual_bruto_epa_formacion_Secundaria 2ª etapa,Salario medio mensual bruto por nivel de formación Secundaria 2ª etapa,INE - Decil de salarios del empleo principal. EPA,1671.2,https://ine.es/dyngs/Prensa/dsEPA2024.htm,€ bruto mensual,2025,annual,annual_average,official,country,España,Salario medio mensual bruto del empleo principal de asalariados por nivel de formación alcanzado.,2026-07-10,Serie publicada en la nota de prensa EPA 2024 con valores 2019-2024.
2022,Mercado laboral,Salarios por formación,"salario_medio_mensual_bruto_epa_formacion_Superior, incluido doctorado","Salario medio mensual bruto por nivel de formación Superior, incluido doctorado",INE - Decil de salarios del empleo principal. EPA,2649,https://ine.es/dyngs/Prensa/dsEPA2024.htm,€ bruto mensual,2025,annual,annual_average,official,country,España,Salario medio mensual bruto del empleo principal de asalariados por nivel de formación alcanzado.,2026-07-10,Serie publicada en la nota de prensa EPA 2024 con valores 2019-2024.
2022,Mercado laboral,Salarios,salario_modal_anual_bruto_Total,Salario modal anual bruto Total,INE - Encuesta Anual de Estructura Salarial,14586.44,https://ine.es/metodologia/t22/ees_prinre22.pdf,€ bruto anual por trabajador,2024,annual,annual,official,country,España,Ganancia anual más frecuente en la distribución salarial publicada por el INE.,2026-07-10,"El INE también menciona salarios con frecuencia similar de 16.495,84 y 18.494,32 euros."
2022,Mercado laboral,Salarios mínimos,smi_anual_14_pagas_Total,Salario mínimo interprofesional anual Total,Ministerio de Trabajo / BOE,14000,https://www.mites.gob.es/estadisticas/bel/SMI/indice.htm,€ brutos anuales,1900,annual,legal_rate,official,country,España,Cuantía anual mínima de referencia calculada como SMI mensual por 14 pagas.,2026-07-10,Serie histórica oficial del Ministerio de Trabajo.
2022,Mercado laboral,Salarios mínimos,smi_mensual_14_pagas_Total,Salario mínimo interprofesional mensual Total,Ministerio de Trabajo / BOE,1000,https://www.mites.gob.es/estadisticas/bel/SMI/indice.htm,€ brutos mensuales en 14 pagas,1900,annual,legal_rate,official,country,España,"Cuantía mensual ordinaria del Salario Mínimo Interprofesional para jornada completa, en 14 pagas.",2026-07-10,Serie histórica oficial del Ministerio de Trabajo.
2023,Mercado laboral,Salarios,brecha_salarial_media_anual_mujeres_hombres_Total,Brecha salarial media anual mujeres-hombres Total,Elaboración propia a partir de INE - EAES,15.74,https://www.ine.es/jaxiT3/Tabla.htm?t=10882,% sobre salario medio anual de hombres,2025,annual,annual,calculated_from_official,country,España,Diferencia porcentual entre el salario medio anual de hombres y mujeres: (Hombres - Mujeres) / Hombres * 100.,2026-07-10,"Indicador calculado desde datos oficiales del INE, no es una columna directa de la tabla fuente."
2023,Mercado laboral,Salarios,salario_mediano_anual_bruto_Total,Salario mediano anual bruto Total,INE - Encuesta Anual de Estructura Salarial,23349,https://ine.es/dyngs/Prensa/EAES2023.pdf,€ bruto anual por trabajador,2025,annual,annual,official,country,España,Ganancia anual que divide al número de trabajadores en dos partes iguales: la mitad tiene un salario superior y la otra mitad inferior.,2026-07-10,
2023,Mercado laboral,Salarios,salario_mediano_mensual_bruto_epa_Total,Salario mediano mensual bruto del empleo principal Total,INE - Decil de salarios del empleo principal. EPA,1935.5,https://ine.es/dyngs/Prensa/dsEPA2024.htm,€ bruto mensual,2025,annual,annual_average,official,country,España,"Salario mensual bruto que divide a los asalariados en dos mitades, según la Encuesta de Población Activa.",2026-07-10,Serie publicada en la nota de prensa EPA 2024 con valores 2019-2024.
2023,Mercado laboral,Salarios,salario_medio_anual_bruto_Hombres,Salario medio anual bruto Hombres,INE - Encuesta Anual de Estructura Salarial,30372.49,https://www.ine.es/jaxiT3/Tabla.htm?t=10882,€ bruto anual por trabajador,2025,annual,annual,official,country,España,Ganancia media anual bruta por trabajador por cuenta ajena. No recoge ganancias de segundos y siguientes trabajos del mismo asalariado.,2026-07-10,
2023,Mercado laboral,Salarios,salario_medio_anual_bruto_Mujeres,Salario medio anual bruto Mujeres,INE - Encuesta Anual de Estructura Salarial,25591.31,https://www.ine.es/jaxiT3/Tabla.htm?t=10882,€ bruto anual por trabajador,2025,annual,annual,official,country,España,Ganancia media anual bruta por trabajador por cuenta ajena. No recoge ganancias de segundos y siguientes trabajos del mismo asalariado.,2026-07-10,
2023,Mercado laboral,Salarios,salario_medio_anual_bruto_Total,Salario medio anual bruto Total,INE - Encuesta Anual de Estructura Salarial,28049.94,https://ine.es/dyngs/Prensa/EAES2023.pdf,€ bruto anual por trabajador,2025,annual,annual,official,country,España,Ganancia media anual bruta por trabajador por cuenta ajena. No recoge ganancias de segundos y siguientes trabajos del mismo asalariado.,2026-07-10,
2023,Mercado laboral,Salarios,salario_medio_mensual_bruto_epa_Total,Salario medio mensual bruto del empleo principal Total,INE - Decil de salarios del empleo principal. EPA,2273,https://ine.es/dyngs/Prensa/dsEPA2024.htm,€ bruto mensual,2025,annual,annual_average,official,country,España,"Salario medio mensual bruto del empleo principal de los asalariados, según la Encuesta de Población Activa.",2026-07-10,Serie publicada en la nota de prensa EPA 2024 con valores 2019-2024.
2023,Mercado laboral,Salarios por formación,salario_medio_mensual_bruto_epa_formacion_Hasta secundaria 1ª etapa,Salario medio mensual bruto por nivel de formación Hasta secundaria 1ª etapa,INE - Decil de salarios del empleo principal. EPA,1513.2,https://ine.es/dyngs/Prensa/dsEPA2024.htm,€ bruto mensual,2025,annual,annual_average,official,country,España,Salario medio mensual bruto del empleo principal de asalariados por nivel de formación alcanzado.,2026-07-10,Serie publicada en la nota de prensa EPA 2024 con valores 2019-2024.
2023,Mercado laboral,Salarios por formación,salario_medio_mensual_bruto_epa_formacion_Secundaria 2ª etapa,Salario medio mensual bruto por nivel de formación Secundaria 2ª etapa,INE - Decil de salarios del empleo principal. EPA,1803.3,https://ine.es/dyngs/Prensa/dsEPA2024.htm,€ bruto mensual,2025,annual,annual_average,official,country,España,Salario medio mensual bruto del empleo principal de asalariados por nivel de formación alcanzado.,2026-07-10,Serie publicada en la nota de prensa EPA 2024 con valores 2019-2024.
2023,Mercado laboral,Salarios por formación,"salario_medio_mensual_bruto_epa_formacion_Superior, incluido doctorado","Salario medio mensual bruto por nivel de formación Superior, incluido doctorado",INE - Decil de salarios del empleo principal. EPA,2802.4,https://ine.es/dyngs/Prensa/dsEPA2024.htm,€ bruto mensual,2025,annual,annual_average,official,country,España,Salario medio mensual bruto del empleo principal de asalariados por nivel de formación alcanzado.,2026-07-10,Serie publicada en la nota de prensa EPA 2024 con valores 2019-2024.
2023,Mercado laboral,Salarios,salario_modal_anual_bruto_Total,Salario modal anual bruto Total,INE - Encuesta Anual de Estructura Salarial,15574.85,https://ine.es/dyngs/Prensa/EAES2023.pdf,€ bruto anual por trabajador,2025,annual,annual,official,country,España,Ganancia anual más frecuente en la distribución salarial publicada por el INE.,2026-07-10,"El INE también destaca por frecuencia los salarios de 19.500,29 euros."
2023,Mercado laboral,Salarios mínimos,smi_anual_14_pagas_Total,Salario mínimo interprofesional anual Total,Ministerio de Trabajo / BOE,15120,https://www.mites.gob.es/estadisticas/bel/SMI/indice.htm,€ brutos anuales,1900,annual,legal_rate,official,country,España,Cuantía anual mínima de referencia calculada como SMI mensual por 14 pagas.,2026-07-10,Serie histórica oficial del Ministerio de Trabajo.
2023,Mercado laboral,Salarios mínimos,smi_mensual_14_pagas_Total,Salario mínimo interprofesional mensual Total,Ministerio de Trabajo / BOE,1080,https://www.mites.gob.es/estadisticas/bel/SMI/indice.htm,€ brutos mensuales en 14 pagas,1900,annual,legal_rate,official,country,España,"Cuantía mensual ordinaria del Salario Mínimo Interprofesional para jornada completa, en 14 pagas.",2026-07-10,Serie histórica oficial del Ministerio de Trabajo.
2024,Mercado laboral,Salarios,brecha_salarial_media_anual_mujeres_hombres_Total,Brecha salarial media anual mujeres-hombres Total,Elaboración propia a partir de INE - EAES,16.07,https://ine.es/dyngs/Prensa/EAES2024.pdf,% sobre salario medio anual de hombres,2026,annual,annual,calculated_from_official,country,España,Diferencia porcentual entre el salario medio anual de hombres y mujeres: (Hombres - Mujeres) / Hombres * 100.,2026-07-10,"Indicador calculado desde datos oficiales del INE, no es una columna directa de la tabla fuente."
2024,Mercado laboral,Salarios,salario_mediano_anual_bruto_Total,Salario mediano anual bruto Total,INE - Encuesta Anual de Estructura Salarial,24497.17,https://ine.es/dyngs/Prensa/EAES2024.pdf,€ bruto anual por trabajador,2026,annual,annual,official,country,España,Ganancia anual que divide al número de trabajadores en dos partes iguales: la mitad tiene un salario superior y la otra mitad inferior.,2026-07-10,
2024,Mercado laboral,Salarios,salario_mediano_mensual_bruto_epa_Total,Salario mediano mensual bruto del empleo principal Total,INE - Decil de salarios del empleo principal. EPA,2001.4,https://ine.es/dyngs/Prensa/dsEPA2024.htm,€ bruto mensual,2025,annual,annual_average,official,country,España,"Salario mensual bruto que divide a los asalariados en dos mitades, según la Encuesta de Población Activa.",2026-07-10,Serie publicada en la nota de prensa EPA 2024 con valores 2019-2024.
2024,Mercado laboral,Salarios,salario_medio_anual_bruto_Hombres,Salario medio anual bruto Hombres,INE - Encuesta Anual de Estructura Salarial,32057.55,https://ine.es/dyngs/Prensa/EAES2024.pdf,€ bruto anual por trabajador,2026,annual,annual,official,country,España,Ganancia media anual bruta por trabajador por cuenta ajena. No recoge ganancias de segundos y siguientes trabajos del mismo asalariado.,2026-07-10,
2024,Mercado laboral,Salarios,salario_medio_anual_bruto_Mujeres,Salario medio anual bruto Mujeres,INE - Encuesta Anual de Estructura Salarial,26904.9,https://ine.es/dyngs/Prensa/EAES2024.pdf,€ bruto anual por trabajador,2026,annual,annual,official,country,España,Ganancia media anual bruta por trabajador por cuenta ajena. No recoge ganancias de segundos y siguientes trabajos del mismo asalariado.,2026-07-10,
2024,Mercado laboral,Salarios,salario_medio_anual_bruto_Total,Salario medio anual bruto Total,INE - Encuesta Anual de Estructura Salarial,29540.26,https://ine.es/dyngs/Prensa/EAES2024.pdf,€ bruto anual por trabajador,2026,annual,annual,official,country,España,Ganancia media anual bruta por trabajador por cuenta ajena. No recoge ganancias de segundos y siguientes trabajos del mismo asalariado.,2026-07-10,
2024,Mercado laboral,Salarios,salario_medio_mensual_bruto_epa_Total,Salario medio mensual bruto del empleo principal Total,INE - Decil de salarios del empleo principal. EPA,2385.6,https://ine.es/dyngs/Prensa/dsEPA2024.htm,€ bruto mensual,2025,annual,annual_average,official,country,España,"Salario medio mensual bruto del empleo principal de los asalariados, según la Encuesta de Población Activa.",2026-07-10,Serie publicada en la nota de prensa EPA 2024 con valores 2019-2024.
2024,Mercado laboral,Salarios por formación,salario_medio_mensual_bruto_epa_formacion_Hasta secundaria 1ª etapa,Salario medio mensual bruto por nivel de formación Hasta secundaria 1ª etapa,INE - Decil de salarios del empleo principal. EPA,1594.8,https://ine.es/dyngs/Prensa/dsEPA2024.htm,€ bruto mensual,2025,annual,annual_average,official,country,España,Salario medio mensual bruto del empleo principal de asalariados por nivel de formación alcanzado.,2026-07-10,Serie publicada en la nota de prensa EPA 2024 con valores 2019-2024.
2024,Mercado laboral,Salarios por formación,salario_medio_mensual_bruto_epa_formacion_Secundaria 2ª etapa,Salario medio mensual bruto por nivel de formación Secundaria 2ª etapa,INE - Decil de salarios del empleo principal. EPA,1869.5,https://ine.es/dyngs/Prensa/dsEPA2024.htm,€ bruto mensual,2025,annual,annual_average,official,country,España,Salario medio mensual bruto del empleo principal de asalariados por nivel de formación alcanzado.,2026-07-10,Serie publicada en la nota de prensa EPA 2024 con valores 2019-2024.
2024,Mercado laboral,Salarios por formación,"salario_medio_mensual_bruto_epa_formacion_Superior, incluido doctorado","Salario medio mensual bruto por nivel de formación Superior, incluido doctorado",INE - Decil de salarios del empleo principal. EPA,2982.6,https://ine.es/dyngs/Prensa/dsEPA2024.htm,€ bruto mensual,2025,annual,annual_average,official,country,España,Salario medio mensual bruto del empleo principal de asalariados por nivel de formación alcanzado.,2026-07-10,Serie publicada en la nota de prensa EPA 2024 con valores 2019-2024.
2024,Mercado laboral,Salarios,salario_modal_anual_bruto_Total,Salario modal anual bruto Total,INE - Encuesta Anual de Estructura Salarial,16520.18,https://ine.es/dyngs/Prensa/EAES2024.pdf,€ bruto anual por trabajador,2026,annual,annual,official,country,España,Ganancia anual más frecuente en la distribución salarial publicada por el INE.,2026-07-10,
2024,Mercado laboral,Salarios mínimos,smi_anual_14_pagas_Total,Salario mínimo interprofesional anual Total,Ministerio de Trabajo / BOE,15876,https://www.mites.gob.es/estadisticas/bel/SMI/indice.htm,€ brutos anuales,1900,annual,legal_rate,official,country,España,Cuantía anual mínima de referencia calculada como SMI mensual por 14 pagas.,2026-07-10,Serie histórica oficial del Ministerio de Trabajo.
2024,Mercado laboral,Salarios mínimos,smi_mensual_14_pagas_Total,Salario mínimo interprofesional mensual Total,Ministerio de Trabajo / BOE,1134,https://www.mites.gob.es/estadisticas/bel/SMI/indice.htm,€ brutos mensuales en 14 pagas,1900,annual,legal_rate,official,country,España,"Cuantía mensual ordinaria del Salario Mínimo Interprofesional para jornada completa, en 14 pagas.",2026-07-10,Serie histórica oficial del Ministerio de Trabajo.
2025,Mercado laboral,Salarios mínimos,smi_anual_14_pagas_Total,Salario mínimo interprofesional anual Total,Ministerio de Trabajo / BOE,16576,https://www.boe.es/diario_boe/txt.php?id=BOE-A-2025-2576,€ brutos anuales,2025,annual,legal_rate,official,country,España,Cuantía anual mínima de referencia calculada como SMI mensual por 14 pagas.,2026-07-10,BOE Real Decreto 87/2025; efectos 1 de enero a 31 de diciembre de 2025.
2025,Mercado laboral,Salarios mínimos,smi_mensual_14_pagas_Total,Salario mínimo interprofesional mensual Total,Ministerio de Trabajo / BOE,1184,https://www.boe.es/diario_boe/txt.php?id=BOE-A-2025-2576,€ brutos mensuales en 14 pagas,2025,annual,legal_rate,official,country,España,"Cuantía mensual ordinaria del Salario Mínimo Interprofesional para jornada completa, en 14 pagas.",2026-07-10,BOE Real Decreto 87/2025; efectos 1 de enero a 31 de diciembre de 2025.
2026,Mercado laboral,Salarios mínimos,smi_anual_14_pagas_Total,Salario mínimo interprofesional anual Total,Ministerio de Trabajo / BOE,17094,https://www.boe.es/diario_boe/txt.php?id=BOE-A-2026-3815,€ brutos anuales,2026,annual,legal_rate,official,country,España,Cuantía anual mínima de referencia calculada como SMI mensual por 14 pagas.,2026-07-10,BOE Real Decreto 126/2026; efectos 1 de enero a 31 de diciembre de 2026.
2026,Mercado laboral,Salarios mínimos,smi_mensual_14_pagas_Total,Salario mínimo interprofesional mensual Total,Ministerio de Trabajo / BOE,1221,https://www.boe.es/diario_boe/txt.php?id=BOE-A-2026-3815,€ brutos mensuales en 14 pagas,2026,annual,legal_rate,official,country,España,"Cuantía mensual ordinaria del Salario Mínimo Interprofesional para jornada completa, en 14 pagas.",2026-07-10,BOE Real Decreto 126/2026; efectos 1 de enero a 31 de diciembre de 2026.
